# legacy name	data	as a block	as an item (today's names). Generated by scripts/material-report/generate.py
AIR	0	AIR	AIR
AIR	1	AIR	AIR
AIR	2	AIR	AIR
AIR	3	AIR	AIR
AIR	4	AIR	AIR
AIR	5	AIR	AIR
AIR	6	AIR	AIR
AIR	7	AIR	AIR
AIR	8	AIR	AIR
AIR	9	AIR	AIR
AIR	10	AIR	AIR
AIR	11	AIR	AIR
AIR	12	AIR	AIR
AIR	13	AIR	AIR
AIR	14	AIR	AIR
AIR	15	AIR	AIR
STONE	0	STONE	STONE
STONE	1	GRANITE	GRANITE
STONE	2	POLISHED_GRANITE	POLISHED_GRANITE
STONE	3	DIORITE	DIORITE
STONE	4	POLISHED_DIORITE	POLISHED_DIORITE
STONE	5	ANDESITE	ANDESITE
STONE	6	POLISHED_ANDESITE	POLISHED_ANDESITE
STONE	7	STONE	STONE
STONE	8	STONE	STONE
STONE	9	STONE	STONE
STONE	10	STONE	STONE
STONE	11	STONE	STONE
STONE	12	STONE	STONE
STONE	13	STONE	STONE
STONE	14	STONE	STONE
STONE	15	STONE	STONE
GRASS	0	GRASS_BLOCK	GRASS_BLOCK
GRASS	1	GRASS_BLOCK	GRASS_BLOCK
GRASS	2	GRASS_BLOCK	GRASS_BLOCK
GRASS	3	GRASS_BLOCK	GRASS_BLOCK
GRASS	4	GRASS_BLOCK	GRASS_BLOCK
GRASS	5	GRASS_BLOCK	GRASS_BLOCK
GRASS	6	GRASS_BLOCK	GRASS_BLOCK
GRASS	7	GRASS_BLOCK	GRASS_BLOCK
GRASS	8	GRASS_BLOCK	GRASS_BLOCK
GRASS	9	GRASS_BLOCK	GRASS_BLOCK
GRASS	10	GRASS_BLOCK	GRASS_BLOCK
GRASS	11	GRASS_BLOCK	GRASS_BLOCK
GRASS	12	GRASS_BLOCK	GRASS_BLOCK
GRASS	13	GRASS_BLOCK	GRASS_BLOCK
GRASS	14	GRASS_BLOCK	GRASS_BLOCK
GRASS	15	GRASS_BLOCK	GRASS_BLOCK
DIRT	0	DIRT	DIRT
DIRT	1	COARSE_DIRT	COARSE_DIRT
DIRT	2	PODZOL	PODZOL
DIRT	3	DIRT	DIRT
DIRT	4	DIRT	DIRT
DIRT	5	DIRT	DIRT
DIRT	6	DIRT	DIRT
DIRT	7	DIRT	DIRT
DIRT	8	DIRT	DIRT
DIRT	9	DIRT	DIRT
DIRT	10	DIRT	DIRT
DIRT	11	DIRT	DIRT
DIRT	12	DIRT	DIRT
DIRT	13	DIRT	DIRT
DIRT	14	DIRT	DIRT
DIRT	15	DIRT	DIRT
COBBLESTONE	0	COBBLESTONE	COBBLESTONE
COBBLESTONE	1	COBBLESTONE	COBBLESTONE
COBBLESTONE	2	COBBLESTONE	COBBLESTONE
COBBLESTONE	3	COBBLESTONE	COBBLESTONE
COBBLESTONE	4	COBBLESTONE	COBBLESTONE
COBBLESTONE	5	COBBLESTONE	COBBLESTONE
COBBLESTONE	6	COBBLESTONE	COBBLESTONE
COBBLESTONE	7	COBBLESTONE	COBBLESTONE
COBBLESTONE	8	COBBLESTONE	COBBLESTONE
COBBLESTONE	9	COBBLESTONE	COBBLESTONE
COBBLESTONE	10	COBBLESTONE	COBBLESTONE
COBBLESTONE	11	COBBLESTONE	COBBLESTONE
COBBLESTONE	12	COBBLESTONE	COBBLESTONE
COBBLESTONE	13	COBBLESTONE	COBBLESTONE
COBBLESTONE	14	COBBLESTONE	COBBLESTONE
COBBLESTONE	15	COBBLESTONE	COBBLESTONE
WOOD	0	OAK_PLANKS	OAK_PLANKS
WOOD	1	SPRUCE_PLANKS	SPRUCE_PLANKS
WOOD	2	BIRCH_PLANKS	BIRCH_PLANKS
WOOD	3	JUNGLE_PLANKS	JUNGLE_PLANKS
WOOD	4	ACACIA_PLANKS	ACACIA_PLANKS
WOOD	5	DARK_OAK_PLANKS	DARK_OAK_PLANKS
WOOD	6	OAK_PLANKS	OAK_PLANKS
WOOD	7	OAK_PLANKS	OAK_PLANKS
WOOD	8	OAK_PLANKS	OAK_PLANKS
WOOD	9	OAK_PLANKS	OAK_PLANKS
WOOD	10	OAK_PLANKS	OAK_PLANKS
WOOD	11	OAK_PLANKS	OAK_PLANKS
WOOD	12	OAK_PLANKS	OAK_PLANKS
WOOD	13	OAK_PLANKS	OAK_PLANKS
WOOD	14	OAK_PLANKS	OAK_PLANKS
WOOD	15	OAK_PLANKS	OAK_PLANKS
SAPLING	0	OAK_SAPLING	OAK_SAPLING
SAPLING	1	SPRUCE_SAPLING	SPRUCE_SAPLING
SAPLING	2	BIRCH_SAPLING	BIRCH_SAPLING
SAPLING	3	JUNGLE_SAPLING	JUNGLE_SAPLING
SAPLING	4	ACACIA_SAPLING	ACACIA_SAPLING
SAPLING	5	DARK_OAK_SAPLING	DARK_OAK_SAPLING
SAPLING	6	OAK_SAPLING	OAK_SAPLING
SAPLING	7	OAK_SAPLING	OAK_SAPLING
SAPLING	8	OAK_SAPLING	OAK_SAPLING
SAPLING	9	SPRUCE_SAPLING	OAK_SAPLING
SAPLING	10	BIRCH_SAPLING	OAK_SAPLING
SAPLING	11	JUNGLE_SAPLING	OAK_SAPLING
SAPLING	12	ACACIA_SAPLING	OAK_SAPLING
SAPLING	13	DARK_OAK_SAPLING	OAK_SAPLING
SAPLING	14	OAK_SAPLING	OAK_SAPLING
SAPLING	15	OAK_SAPLING	OAK_SAPLING
BEDROCK	0	BEDROCK	BEDROCK
BEDROCK	1	BEDROCK	BEDROCK
BEDROCK	2	BEDROCK	BEDROCK
BEDROCK	3	BEDROCK	BEDROCK
BEDROCK	4	BEDROCK	BEDROCK
BEDROCK	5	BEDROCK	BEDROCK
BEDROCK	6	BEDROCK	BEDROCK
BEDROCK	7	BEDROCK	BEDROCK
BEDROCK	8	BEDROCK	BEDROCK
BEDROCK	9	BEDROCK	BEDROCK
BEDROCK	10	BEDROCK	BEDROCK
BEDROCK	11	BEDROCK	BEDROCK
BEDROCK	12	BEDROCK	BEDROCK
BEDROCK	13	BEDROCK	BEDROCK
BEDROCK	14	BEDROCK	BEDROCK
BEDROCK	15	BEDROCK	BEDROCK
WATER	0	WATER	
WATER	1	WATER	
WATER	2	WATER	
WATER	3	WATER	
WATER	4	WATER	
WATER	5	WATER	
WATER	6	WATER	
WATER	7	WATER	
WATER	8	WATER	
WATER	9	WATER	
WATER	10	WATER	
WATER	11	WATER	
WATER	12	WATER	
WATER	13	WATER	
WATER	14	WATER	
WATER	15	WATER	
STATIONARY_WATER	0	WATER	
STATIONARY_WATER	1	WATER	
STATIONARY_WATER	2	WATER	
STATIONARY_WATER	3	WATER	
STATIONARY_WATER	4	WATER	
STATIONARY_WATER	5	WATER	
STATIONARY_WATER	6	WATER	
STATIONARY_WATER	7	WATER	
STATIONARY_WATER	8	WATER	
STATIONARY_WATER	9	WATER	
STATIONARY_WATER	10	WATER	
STATIONARY_WATER	11	WATER	
STATIONARY_WATER	12	WATER	
STATIONARY_WATER	13	WATER	
STATIONARY_WATER	14	WATER	
STATIONARY_WATER	15	WATER	
LAVA	0	LAVA	
LAVA	1	LAVA	
LAVA	2	LAVA	
LAVA	3	LAVA	
LAVA	4	LAVA	
LAVA	5	LAVA	
LAVA	6	LAVA	
LAVA	7	LAVA	
LAVA	8	LAVA	
LAVA	9	LAVA	
LAVA	10	LAVA	
LAVA	11	LAVA	
LAVA	12	LAVA	
LAVA	13	LAVA	
LAVA	14	LAVA	
LAVA	15	LAVA	
STATIONARY_LAVA	0	LAVA	
STATIONARY_LAVA	1	LAVA	
STATIONARY_LAVA	2	LAVA	
STATIONARY_LAVA	3	LAVA	
STATIONARY_LAVA	4	LAVA	
STATIONARY_LAVA	5	LAVA	
STATIONARY_LAVA	6	LAVA	
STATIONARY_LAVA	7	LAVA	
STATIONARY_LAVA	8	LAVA	
STATIONARY_LAVA	9	LAVA	
STATIONARY_LAVA	10	LAVA	
STATIONARY_LAVA	11	LAVA	
STATIONARY_LAVA	12	LAVA	
STATIONARY_LAVA	13	LAVA	
STATIONARY_LAVA	14	LAVA	
STATIONARY_LAVA	15	LAVA	
SAND	0	SAND	SAND
SAND	1	RED_SAND	RED_SAND
SAND	2	SAND	SAND
SAND	3	SAND	SAND
SAND	4	SAND	SAND
SAND	5	SAND	SAND
SAND	6	SAND	SAND
SAND	7	SAND	SAND
SAND	8	SAND	SAND
SAND	9	SAND	SAND
SAND	10	SAND	SAND
SAND	11	SAND	SAND
SAND	12	SAND	SAND
SAND	13	SAND	SAND
SAND	14	SAND	SAND
SAND	15	SAND	SAND
GRAVEL	0	GRAVEL	GRAVEL
GRAVEL	1	GRAVEL	GRAVEL
GRAVEL	2	GRAVEL	GRAVEL
GRAVEL	3	GRAVEL	GRAVEL
GRAVEL	4	GRAVEL	GRAVEL
GRAVEL	5	GRAVEL	GRAVEL
GRAVEL	6	GRAVEL	GRAVEL
GRAVEL	7	GRAVEL	GRAVEL
GRAVEL	8	GRAVEL	GRAVEL
GRAVEL	9	GRAVEL	GRAVEL
GRAVEL	10	GRAVEL	GRAVEL
GRAVEL	11	GRAVEL	GRAVEL
GRAVEL	12	GRAVEL	GRAVEL
GRAVEL	13	GRAVEL	GRAVEL
GRAVEL	14	GRAVEL	GRAVEL
GRAVEL	15	GRAVEL	GRAVEL
GOLD_ORE	0	GOLD_ORE	GOLD_ORE
GOLD_ORE	1	GOLD_ORE	GOLD_ORE
GOLD_ORE	2	GOLD_ORE	GOLD_ORE
GOLD_ORE	3	GOLD_ORE	GOLD_ORE
GOLD_ORE	4	GOLD_ORE	GOLD_ORE
GOLD_ORE	5	GOLD_ORE	GOLD_ORE
GOLD_ORE	6	GOLD_ORE	GOLD_ORE
GOLD_ORE	7	GOLD_ORE	GOLD_ORE
GOLD_ORE	8	GOLD_ORE	GOLD_ORE
GOLD_ORE	9	GOLD_ORE	GOLD_ORE
GOLD_ORE	10	GOLD_ORE	GOLD_ORE
GOLD_ORE	11	GOLD_ORE	GOLD_ORE
GOLD_ORE	12	GOLD_ORE	GOLD_ORE
GOLD_ORE	13	GOLD_ORE	GOLD_ORE
GOLD_ORE	14	GOLD_ORE	GOLD_ORE
GOLD_ORE	15	GOLD_ORE	GOLD_ORE
IRON_ORE	0	IRON_ORE	IRON_ORE
IRON_ORE	1	IRON_ORE	IRON_ORE
IRON_ORE	2	IRON_ORE	IRON_ORE
IRON_ORE	3	IRON_ORE	IRON_ORE
IRON_ORE	4	IRON_ORE	IRON_ORE
IRON_ORE	5	IRON_ORE	IRON_ORE
IRON_ORE	6	IRON_ORE	IRON_ORE
IRON_ORE	7	IRON_ORE	IRON_ORE
IRON_ORE	8	IRON_ORE	IRON_ORE
IRON_ORE	9	IRON_ORE	IRON_ORE
IRON_ORE	10	IRON_ORE	IRON_ORE
IRON_ORE	11	IRON_ORE	IRON_ORE
IRON_ORE	12	IRON_ORE	IRON_ORE
IRON_ORE	13	IRON_ORE	IRON_ORE
IRON_ORE	14	IRON_ORE	IRON_ORE
IRON_ORE	15	IRON_ORE	IRON_ORE
COAL_ORE	0	COAL_ORE	COAL_ORE
COAL_ORE	1	COAL_ORE	COAL_ORE
COAL_ORE	2	COAL_ORE	COAL_ORE
COAL_ORE	3	COAL_ORE	COAL_ORE
COAL_ORE	4	COAL_ORE	COAL_ORE
COAL_ORE	5	COAL_ORE	COAL_ORE
COAL_ORE	6	COAL_ORE	COAL_ORE
COAL_ORE	7	COAL_ORE	COAL_ORE
COAL_ORE	8	COAL_ORE	COAL_ORE
COAL_ORE	9	COAL_ORE	COAL_ORE
COAL_ORE	10	COAL_ORE	COAL_ORE
COAL_ORE	11	COAL_ORE	COAL_ORE
COAL_ORE	12	COAL_ORE	COAL_ORE
COAL_ORE	13	COAL_ORE	COAL_ORE
COAL_ORE	14	COAL_ORE	COAL_ORE
COAL_ORE	15	COAL_ORE	COAL_ORE
LOG	0	OAK_LOG	OAK_LOG
LOG	1	SPRUCE_LOG	SPRUCE_LOG
LOG	2	BIRCH_LOG	BIRCH_LOG
LOG	3	JUNGLE_LOG	JUNGLE_LOG
LOG	4	OAK_LOG	OAK_LOG
LOG	5	SPRUCE_LOG	OAK_LOG
LOG	6	BIRCH_LOG	OAK_LOG
LOG	7	JUNGLE_LOG	OAK_LOG
LOG	8	OAK_LOG	OAK_LOG
LOG	9	SPRUCE_LOG	OAK_LOG
LOG	10	BIRCH_LOG	OAK_LOG
LOG	11	JUNGLE_LOG	OAK_LOG
LOG	12	OAK_LOG	OAK_LOG
LOG	13	OAK_LOG	OAK_LOG
LOG	14	OAK_LOG	OAK_LOG
LOG	15	OAK_LOG	OAK_LOG
LEAVES	0	OAK_LEAVES	OAK_LEAVES
LEAVES	1	SPRUCE_LEAVES	SPRUCE_LEAVES
LEAVES	2	BIRCH_LEAVES	BIRCH_LEAVES
LEAVES	3	JUNGLE_LEAVES	JUNGLE_LEAVES
LEAVES	4	OAK_LEAVES	OAK_LEAVES
LEAVES	5	SPRUCE_LEAVES	OAK_LEAVES
LEAVES	6	BIRCH_LEAVES	OAK_LEAVES
LEAVES	7	JUNGLE_LEAVES	OAK_LEAVES
LEAVES	8	OAK_LEAVES	OAK_LEAVES
LEAVES	9	SPRUCE_LEAVES	OAK_LEAVES
LEAVES	10	BIRCH_LEAVES	OAK_LEAVES
LEAVES	11	JUNGLE_LEAVES	OAK_LEAVES
LEAVES	12	OAK_LEAVES	OAK_LEAVES
LEAVES	13	SPRUCE_LEAVES	OAK_LEAVES
LEAVES	14	BIRCH_LEAVES	OAK_LEAVES
LEAVES	15	JUNGLE_LEAVES	OAK_LEAVES
SPONGE	0	SPONGE	SPONGE
SPONGE	1	WET_SPONGE	WET_SPONGE
SPONGE	2	SPONGE	SPONGE
SPONGE	3	SPONGE	SPONGE
SPONGE	4	SPONGE	SPONGE
SPONGE	5	SPONGE	SPONGE
SPONGE	6	SPONGE	SPONGE
SPONGE	7	SPONGE	SPONGE
SPONGE	8	SPONGE	SPONGE
SPONGE	9	SPONGE	SPONGE
SPONGE	10	SPONGE	SPONGE
SPONGE	11	SPONGE	SPONGE
SPONGE	12	SPONGE	SPONGE
SPONGE	13	SPONGE	SPONGE
SPONGE	14	SPONGE	SPONGE
SPONGE	15	SPONGE	SPONGE
GLASS	0	GLASS	GLASS
GLASS	1	GLASS	GLASS
GLASS	2	GLASS	GLASS
GLASS	3	GLASS	GLASS
GLASS	4	GLASS	GLASS
GLASS	5	GLASS	GLASS
GLASS	6	GLASS	GLASS
GLASS	7	GLASS	GLASS
GLASS	8	GLASS	GLASS
GLASS	9	GLASS	GLASS
GLASS	10	GLASS	GLASS
GLASS	11	GLASS	GLASS
GLASS	12	GLASS	GLASS
GLASS	13	GLASS	GLASS
GLASS	14	GLASS	GLASS
GLASS	15	GLASS	GLASS
LAPIS_ORE	0	LAPIS_ORE	LAPIS_ORE
LAPIS_ORE	1	LAPIS_ORE	LAPIS_ORE
LAPIS_ORE	2	LAPIS_ORE	LAPIS_ORE
LAPIS_ORE	3	LAPIS_ORE	LAPIS_ORE
LAPIS_ORE	4	LAPIS_ORE	LAPIS_ORE
LAPIS_ORE	5	LAPIS_ORE	LAPIS_ORE
LAPIS_ORE	6	LAPIS_ORE	LAPIS_ORE
LAPIS_ORE	7	LAPIS_ORE	LAPIS_ORE
LAPIS_ORE	8	LAPIS_ORE	LAPIS_ORE
LAPIS_ORE	9	LAPIS_ORE	LAPIS_ORE
LAPIS_ORE	10	LAPIS_ORE	LAPIS_ORE
LAPIS_ORE	11	LAPIS_ORE	LAPIS_ORE
LAPIS_ORE	12	LAPIS_ORE	LAPIS_ORE
LAPIS_ORE	13	LAPIS_ORE	LAPIS_ORE
LAPIS_ORE	14	LAPIS_ORE	LAPIS_ORE
LAPIS_ORE	15	LAPIS_ORE	LAPIS_ORE
LAPIS_BLOCK	0	LAPIS_BLOCK	LAPIS_BLOCK
LAPIS_BLOCK	1	LAPIS_BLOCK	LAPIS_BLOCK
LAPIS_BLOCK	2	LAPIS_BLOCK	LAPIS_BLOCK
LAPIS_BLOCK	3	LAPIS_BLOCK	LAPIS_BLOCK
LAPIS_BLOCK	4	LAPIS_BLOCK	LAPIS_BLOCK
LAPIS_BLOCK	5	LAPIS_BLOCK	LAPIS_BLOCK
LAPIS_BLOCK	6	LAPIS_BLOCK	LAPIS_BLOCK
LAPIS_BLOCK	7	LAPIS_BLOCK	LAPIS_BLOCK
LAPIS_BLOCK	8	LAPIS_BLOCK	LAPIS_BLOCK
LAPIS_BLOCK	9	LAPIS_BLOCK	LAPIS_BLOCK
LAPIS_BLOCK	10	LAPIS_BLOCK	LAPIS_BLOCK
LAPIS_BLOCK	11	LAPIS_BLOCK	LAPIS_BLOCK
LAPIS_BLOCK	12	LAPIS_BLOCK	LAPIS_BLOCK
LAPIS_BLOCK	13	LAPIS_BLOCK	LAPIS_BLOCK
LAPIS_BLOCK	14	LAPIS_BLOCK	LAPIS_BLOCK
LAPIS_BLOCK	15	LAPIS_BLOCK	LAPIS_BLOCK
DISPENSER	0	DISPENSER	DISPENSER
DISPENSER	1	DISPENSER	DISPENSER
DISPENSER	2	DISPENSER	DISPENSER
DISPENSER	3	DISPENSER	DISPENSER
DISPENSER	4	DISPENSER	DISPENSER
DISPENSER	5	DISPENSER	DISPENSER
DISPENSER	6	DISPENSER	DISPENSER
DISPENSER	7	DISPENSER	DISPENSER
DISPENSER	8	DISPENSER	DISPENSER
DISPENSER	9	DISPENSER	DISPENSER
DISPENSER	10	DISPENSER	DISPENSER
DISPENSER	11	DISPENSER	DISPENSER
DISPENSER	12	DISPENSER	DISPENSER
DISPENSER	13	DISPENSER	DISPENSER
DISPENSER	14	DISPENSER	DISPENSER
DISPENSER	15	DISPENSER	DISPENSER
SANDSTONE	0	SANDSTONE	SANDSTONE
SANDSTONE	1	CHISELED_SANDSTONE	CHISELED_SANDSTONE
SANDSTONE	2	CUT_SANDSTONE	CUT_SANDSTONE
SANDSTONE	3	SANDSTONE	SANDSTONE
SANDSTONE	4	SANDSTONE	SANDSTONE
SANDSTONE	5	SANDSTONE	SANDSTONE
SANDSTONE	6	SANDSTONE	SANDSTONE
SANDSTONE	7	SANDSTONE	SANDSTONE
SANDSTONE	8	SANDSTONE	SANDSTONE
SANDSTONE	9	SANDSTONE	SANDSTONE
SANDSTONE	10	SANDSTONE	SANDSTONE
SANDSTONE	11	SANDSTONE	SANDSTONE
SANDSTONE	12	SANDSTONE	SANDSTONE
SANDSTONE	13	SANDSTONE	SANDSTONE
SANDSTONE	14	SANDSTONE	SANDSTONE
SANDSTONE	15	SANDSTONE	SANDSTONE
NOTE_BLOCK	0	NOTE_BLOCK	NOTE_BLOCK
NOTE_BLOCK	1	NOTE_BLOCK	NOTE_BLOCK
NOTE_BLOCK	2	NOTE_BLOCK	NOTE_BLOCK
NOTE_BLOCK	3	NOTE_BLOCK	NOTE_BLOCK
NOTE_BLOCK	4	NOTE_BLOCK	NOTE_BLOCK
NOTE_BLOCK	5	NOTE_BLOCK	NOTE_BLOCK
NOTE_BLOCK	6	NOTE_BLOCK	NOTE_BLOCK
NOTE_BLOCK	7	NOTE_BLOCK	NOTE_BLOCK
NOTE_BLOCK	8	NOTE_BLOCK	NOTE_BLOCK
NOTE_BLOCK	9	NOTE_BLOCK	NOTE_BLOCK
NOTE_BLOCK	10	NOTE_BLOCK	NOTE_BLOCK
NOTE_BLOCK	11	NOTE_BLOCK	NOTE_BLOCK
NOTE_BLOCK	12	NOTE_BLOCK	NOTE_BLOCK
NOTE_BLOCK	13	NOTE_BLOCK	NOTE_BLOCK
NOTE_BLOCK	14	NOTE_BLOCK	NOTE_BLOCK
NOTE_BLOCK	15	NOTE_BLOCK	NOTE_BLOCK
BED_BLOCK	0	RED_BED	
BED_BLOCK	1	RED_BED	
BED_BLOCK	2	RED_BED	
BED_BLOCK	3	RED_BED	
BED_BLOCK	8	RED_BED	
BED_BLOCK	9	RED_BED	
BED_BLOCK	10	RED_BED	
BED_BLOCK	11	RED_BED	
BED_BLOCK	12	RED_BED	
BED_BLOCK	13	RED_BED	
BED_BLOCK	14	RED_BED	
BED_BLOCK	15	RED_BED	
POWERED_RAIL	0	POWERED_RAIL	POWERED_RAIL
POWERED_RAIL	1	POWERED_RAIL	POWERED_RAIL
POWERED_RAIL	2	POWERED_RAIL	POWERED_RAIL
POWERED_RAIL	3	POWERED_RAIL	POWERED_RAIL
POWERED_RAIL	4	POWERED_RAIL	POWERED_RAIL
POWERED_RAIL	5	POWERED_RAIL	POWERED_RAIL
POWERED_RAIL	6	POWERED_RAIL	POWERED_RAIL
POWERED_RAIL	7	POWERED_RAIL	POWERED_RAIL
POWERED_RAIL	8	POWERED_RAIL	POWERED_RAIL
POWERED_RAIL	9	POWERED_RAIL	POWERED_RAIL
POWERED_RAIL	10	POWERED_RAIL	POWERED_RAIL
POWERED_RAIL	11	POWERED_RAIL	POWERED_RAIL
POWERED_RAIL	12	POWERED_RAIL	POWERED_RAIL
POWERED_RAIL	13	POWERED_RAIL	POWERED_RAIL
POWERED_RAIL	14	POWERED_RAIL	POWERED_RAIL
POWERED_RAIL	15	POWERED_RAIL	POWERED_RAIL
DETECTOR_RAIL	0	DETECTOR_RAIL	DETECTOR_RAIL
DETECTOR_RAIL	1	DETECTOR_RAIL	DETECTOR_RAIL
DETECTOR_RAIL	2	DETECTOR_RAIL	DETECTOR_RAIL
DETECTOR_RAIL	3	DETECTOR_RAIL	DETECTOR_RAIL
DETECTOR_RAIL	4	DETECTOR_RAIL	DETECTOR_RAIL
DETECTOR_RAIL	5	DETECTOR_RAIL	DETECTOR_RAIL
DETECTOR_RAIL	6	DETECTOR_RAIL	DETECTOR_RAIL
DETECTOR_RAIL	7	DETECTOR_RAIL	DETECTOR_RAIL
DETECTOR_RAIL	8	DETECTOR_RAIL	DETECTOR_RAIL
DETECTOR_RAIL	9	DETECTOR_RAIL	DETECTOR_RAIL
DETECTOR_RAIL	10	DETECTOR_RAIL	DETECTOR_RAIL
DETECTOR_RAIL	11	DETECTOR_RAIL	DETECTOR_RAIL
DETECTOR_RAIL	12	DETECTOR_RAIL	DETECTOR_RAIL
DETECTOR_RAIL	13	DETECTOR_RAIL	DETECTOR_RAIL
DETECTOR_RAIL	14	DETECTOR_RAIL	DETECTOR_RAIL
DETECTOR_RAIL	15	DETECTOR_RAIL	DETECTOR_RAIL
PISTON_STICKY_BASE	0	STICKY_PISTON	STICKY_PISTON
PISTON_STICKY_BASE	1	STICKY_PISTON	STICKY_PISTON
PISTON_STICKY_BASE	2	STICKY_PISTON	STICKY_PISTON
PISTON_STICKY_BASE	3	STICKY_PISTON	STICKY_PISTON
PISTON_STICKY_BASE	4	STICKY_PISTON	STICKY_PISTON
PISTON_STICKY_BASE	5	STICKY_PISTON	STICKY_PISTON
PISTON_STICKY_BASE	6	STICKY_PISTON	STICKY_PISTON
PISTON_STICKY_BASE	7	STICKY_PISTON	STICKY_PISTON
PISTON_STICKY_BASE	8	STICKY_PISTON	STICKY_PISTON
PISTON_STICKY_BASE	9	STICKY_PISTON	STICKY_PISTON
PISTON_STICKY_BASE	10	STICKY_PISTON	STICKY_PISTON
PISTON_STICKY_BASE	11	STICKY_PISTON	STICKY_PISTON
PISTON_STICKY_BASE	12	STICKY_PISTON	STICKY_PISTON
PISTON_STICKY_BASE	13	STICKY_PISTON	STICKY_PISTON
PISTON_STICKY_BASE	14	STICKY_PISTON	STICKY_PISTON
PISTON_STICKY_BASE	15	STICKY_PISTON	STICKY_PISTON
WEB	0	COBWEB	COBWEB
WEB	1	COBWEB	COBWEB
WEB	2	COBWEB	COBWEB
WEB	3	COBWEB	COBWEB
WEB	4	COBWEB	COBWEB
WEB	5	COBWEB	COBWEB
WEB	6	COBWEB	COBWEB
WEB	7	COBWEB	COBWEB
WEB	8	COBWEB	COBWEB
WEB	9	COBWEB	COBWEB
WEB	10	COBWEB	COBWEB
WEB	11	COBWEB	COBWEB
WEB	12	COBWEB	COBWEB
WEB	13	COBWEB	COBWEB
WEB	14	COBWEB	COBWEB
WEB	15	COBWEB	COBWEB
LONG_GRASS	0	DEAD_BUSH	DEAD_BUSH
LONG_GRASS	1	SHORT_GRASS	SHORT_GRASS
LONG_GRASS	2	FERN	FERN
LONG_GRASS	3	DEAD_BUSH	DEAD_BUSH
LONG_GRASS	4	DEAD_BUSH	DEAD_BUSH
LONG_GRASS	5	DEAD_BUSH	DEAD_BUSH
LONG_GRASS	6	DEAD_BUSH	DEAD_BUSH
LONG_GRASS	7	DEAD_BUSH	DEAD_BUSH
LONG_GRASS	8	DEAD_BUSH	DEAD_BUSH
LONG_GRASS	9	DEAD_BUSH	DEAD_BUSH
LONG_GRASS	10	DEAD_BUSH	DEAD_BUSH
LONG_GRASS	11	DEAD_BUSH	DEAD_BUSH
LONG_GRASS	12	DEAD_BUSH	DEAD_BUSH
LONG_GRASS	13	DEAD_BUSH	DEAD_BUSH
LONG_GRASS	14	DEAD_BUSH	DEAD_BUSH
LONG_GRASS	15	DEAD_BUSH	DEAD_BUSH
DEAD_BUSH	0	DEAD_BUSH	DEAD_BUSH
DEAD_BUSH	1	DEAD_BUSH	DEAD_BUSH
DEAD_BUSH	2	DEAD_BUSH	DEAD_BUSH
DEAD_BUSH	3	DEAD_BUSH	DEAD_BUSH
DEAD_BUSH	4	DEAD_BUSH	DEAD_BUSH
DEAD_BUSH	5	DEAD_BUSH	DEAD_BUSH
DEAD_BUSH	6	DEAD_BUSH	DEAD_BUSH
DEAD_BUSH	7	DEAD_BUSH	DEAD_BUSH
DEAD_BUSH	8	DEAD_BUSH	DEAD_BUSH
DEAD_BUSH	9	DEAD_BUSH	DEAD_BUSH
DEAD_BUSH	10	DEAD_BUSH	DEAD_BUSH
DEAD_BUSH	11	DEAD_BUSH	DEAD_BUSH
DEAD_BUSH	12	DEAD_BUSH	DEAD_BUSH
DEAD_BUSH	13	DEAD_BUSH	DEAD_BUSH
DEAD_BUSH	14	DEAD_BUSH	DEAD_BUSH
DEAD_BUSH	15	DEAD_BUSH	DEAD_BUSH
PISTON_BASE	0	PISTON	PISTON
PISTON_BASE	1	PISTON	PISTON
PISTON_BASE	2	PISTON	PISTON
PISTON_BASE	3	PISTON	PISTON
PISTON_BASE	4	PISTON	PISTON
PISTON_BASE	5	PISTON	PISTON
PISTON_BASE	6	PISTON	PISTON
PISTON_BASE	7	PISTON	PISTON
PISTON_BASE	8	PISTON	PISTON
PISTON_BASE	9	PISTON	PISTON
PISTON_BASE	10	PISTON	PISTON
PISTON_BASE	11	PISTON	PISTON
PISTON_BASE	12	PISTON	PISTON
PISTON_BASE	13	PISTON	PISTON
PISTON_BASE	14	PISTON	PISTON
PISTON_BASE	15	PISTON	PISTON
PISTON_EXTENSION	0	PISTON_HEAD	
PISTON_EXTENSION	1	PISTON_HEAD	
PISTON_EXTENSION	2	PISTON_HEAD	
PISTON_EXTENSION	3	PISTON_HEAD	
PISTON_EXTENSION	4	PISTON_HEAD	
PISTON_EXTENSION	5	PISTON_HEAD	
PISTON_EXTENSION	8	PISTON_HEAD	
PISTON_EXTENSION	9	PISTON_HEAD	
PISTON_EXTENSION	10	PISTON_HEAD	
PISTON_EXTENSION	11	PISTON_HEAD	
PISTON_EXTENSION	12	PISTON_HEAD	
PISTON_EXTENSION	13	PISTON_HEAD	
WOOL	0	WHITE_WOOL	WHITE_WOOL
WOOL	1	ORANGE_WOOL	ORANGE_WOOL
WOOL	2	MAGENTA_WOOL	MAGENTA_WOOL
WOOL	3	LIGHT_BLUE_WOOL	LIGHT_BLUE_WOOL
WOOL	4	YELLOW_WOOL	YELLOW_WOOL
WOOL	5	LIME_WOOL	LIME_WOOL
WOOL	6	PINK_WOOL	PINK_WOOL
WOOL	7	GRAY_WOOL	GRAY_WOOL
WOOL	8	LIGHT_GRAY_WOOL	LIGHT_GRAY_WOOL
WOOL	9	CYAN_WOOL	CYAN_WOOL
WOOL	10	PURPLE_WOOL	PURPLE_WOOL
WOOL	11	BLUE_WOOL	BLUE_WOOL
WOOL	12	BROWN_WOOL	BROWN_WOOL
WOOL	13	GREEN_WOOL	GREEN_WOOL
WOOL	14	RED_WOOL	RED_WOOL
WOOL	15	BLACK_WOOL	BLACK_WOOL
PISTON_MOVING_PIECE	0	MOVING_PISTON	
PISTON_MOVING_PIECE	1	MOVING_PISTON	
PISTON_MOVING_PIECE	2	MOVING_PISTON	
PISTON_MOVING_PIECE	3	MOVING_PISTON	
PISTON_MOVING_PIECE	4	MOVING_PISTON	
PISTON_MOVING_PIECE	5	MOVING_PISTON	
PISTON_MOVING_PIECE	8	MOVING_PISTON	
PISTON_MOVING_PIECE	9	MOVING_PISTON	
PISTON_MOVING_PIECE	10	MOVING_PISTON	
PISTON_MOVING_PIECE	11	MOVING_PISTON	
PISTON_MOVING_PIECE	12	MOVING_PISTON	
PISTON_MOVING_PIECE	13	MOVING_PISTON	
YELLOW_FLOWER	0	DANDELION	DANDELION
YELLOW_FLOWER	1	DANDELION	DANDELION
YELLOW_FLOWER	2	DANDELION	DANDELION
YELLOW_FLOWER	3	DANDELION	DANDELION
YELLOW_FLOWER	4	DANDELION	DANDELION
YELLOW_FLOWER	5	DANDELION	DANDELION
YELLOW_FLOWER	6	DANDELION	DANDELION
YELLOW_FLOWER	7	DANDELION	DANDELION
YELLOW_FLOWER	8	DANDELION	DANDELION
YELLOW_FLOWER	9	DANDELION	DANDELION
YELLOW_FLOWER	10	DANDELION	DANDELION
YELLOW_FLOWER	11	DANDELION	DANDELION
YELLOW_FLOWER	12	DANDELION	DANDELION
YELLOW_FLOWER	13	DANDELION	DANDELION
YELLOW_FLOWER	14	DANDELION	DANDELION
YELLOW_FLOWER	15	DANDELION	DANDELION
RED_ROSE	0	POPPY	POPPY
RED_ROSE	1	BLUE_ORCHID	BLUE_ORCHID
RED_ROSE	2	ALLIUM	ALLIUM
RED_ROSE	3	AZURE_BLUET	AZURE_BLUET
RED_ROSE	4	RED_TULIP	RED_TULIP
RED_ROSE	5	ORANGE_TULIP	ORANGE_TULIP
RED_ROSE	6	WHITE_TULIP	WHITE_TULIP
RED_ROSE	7	PINK_TULIP	PINK_TULIP
RED_ROSE	8	OXEYE_DAISY	OXEYE_DAISY
RED_ROSE	9	POPPY	POPPY
RED_ROSE	10	POPPY	POPPY
RED_ROSE	11	POPPY	POPPY
RED_ROSE	12	POPPY	POPPY
RED_ROSE	13	POPPY	POPPY
RED_ROSE	14	POPPY	POPPY
RED_ROSE	15	POPPY	POPPY
BROWN_MUSHROOM	0	BROWN_MUSHROOM	BROWN_MUSHROOM
BROWN_MUSHROOM	1	BROWN_MUSHROOM	BROWN_MUSHROOM
BROWN_MUSHROOM	2	BROWN_MUSHROOM	BROWN_MUSHROOM
BROWN_MUSHROOM	3	BROWN_MUSHROOM	BROWN_MUSHROOM
BROWN_MUSHROOM	4	BROWN_MUSHROOM	BROWN_MUSHROOM
BROWN_MUSHROOM	5	BROWN_MUSHROOM	BROWN_MUSHROOM
BROWN_MUSHROOM	6	BROWN_MUSHROOM	BROWN_MUSHROOM
BROWN_MUSHROOM	7	BROWN_MUSHROOM	BROWN_MUSHROOM
BROWN_MUSHROOM	8	BROWN_MUSHROOM	BROWN_MUSHROOM
BROWN_MUSHROOM	9	BROWN_MUSHROOM	BROWN_MUSHROOM
BROWN_MUSHROOM	10	BROWN_MUSHROOM	BROWN_MUSHROOM
BROWN_MUSHROOM	11	BROWN_MUSHROOM	BROWN_MUSHROOM
BROWN_MUSHROOM	12	BROWN_MUSHROOM	BROWN_MUSHROOM
BROWN_MUSHROOM	13	BROWN_MUSHROOM	BROWN_MUSHROOM
BROWN_MUSHROOM	14	BROWN_MUSHROOM	BROWN_MUSHROOM
BROWN_MUSHROOM	15	BROWN_MUSHROOM	BROWN_MUSHROOM
RED_MUSHROOM	0	RED_MUSHROOM	RED_MUSHROOM
RED_MUSHROOM	1	RED_MUSHROOM	RED_MUSHROOM
RED_MUSHROOM	2	RED_MUSHROOM	RED_MUSHROOM
RED_MUSHROOM	3	RED_MUSHROOM	RED_MUSHROOM
RED_MUSHROOM	4	RED_MUSHROOM	RED_MUSHROOM
RED_MUSHROOM	5	RED_MUSHROOM	RED_MUSHROOM
RED_MUSHROOM	6	RED_MUSHROOM	RED_MUSHROOM
RED_MUSHROOM	7	RED_MUSHROOM	RED_MUSHROOM
RED_MUSHROOM	8	RED_MUSHROOM	RED_MUSHROOM
RED_MUSHROOM	9	RED_MUSHROOM	RED_MUSHROOM
RED_MUSHROOM	10	RED_MUSHROOM	RED_MUSHROOM
RED_MUSHROOM	11	RED_MUSHROOM	RED_MUSHROOM
RED_MUSHROOM	12	RED_MUSHROOM	RED_MUSHROOM
RED_MUSHROOM	13	RED_MUSHROOM	RED_MUSHROOM
RED_MUSHROOM	14	RED_MUSHROOM	RED_MUSHROOM
RED_MUSHROOM	15	RED_MUSHROOM	RED_MUSHROOM
GOLD_BLOCK	0	GOLD_BLOCK	GOLD_BLOCK
GOLD_BLOCK	1	GOLD_BLOCK	GOLD_BLOCK
GOLD_BLOCK	2	GOLD_BLOCK	GOLD_BLOCK
GOLD_BLOCK	3	GOLD_BLOCK	GOLD_BLOCK
GOLD_BLOCK	4	GOLD_BLOCK	GOLD_BLOCK
GOLD_BLOCK	5	GOLD_BLOCK	GOLD_BLOCK
GOLD_BLOCK	6	GOLD_BLOCK	GOLD_BLOCK
GOLD_BLOCK	7	GOLD_BLOCK	GOLD_BLOCK
GOLD_BLOCK	8	GOLD_BLOCK	GOLD_BLOCK
GOLD_BLOCK	9	GOLD_BLOCK	GOLD_BLOCK
GOLD_BLOCK	10	GOLD_BLOCK	GOLD_BLOCK
GOLD_BLOCK	11	GOLD_BLOCK	GOLD_BLOCK
GOLD_BLOCK	12	GOLD_BLOCK	GOLD_BLOCK
GOLD_BLOCK	13	GOLD_BLOCK	GOLD_BLOCK
GOLD_BLOCK	14	GOLD_BLOCK	GOLD_BLOCK
GOLD_BLOCK	15	GOLD_BLOCK	GOLD_BLOCK
IRON_BLOCK	0	IRON_BLOCK	IRON_BLOCK
IRON_BLOCK	1	IRON_BLOCK	IRON_BLOCK
IRON_BLOCK	2	IRON_BLOCK	IRON_BLOCK
IRON_BLOCK	3	IRON_BLOCK	IRON_BLOCK
IRON_BLOCK	4	IRON_BLOCK	IRON_BLOCK
IRON_BLOCK	5	IRON_BLOCK	IRON_BLOCK
IRON_BLOCK	6	IRON_BLOCK	IRON_BLOCK
IRON_BLOCK	7	IRON_BLOCK	IRON_BLOCK
IRON_BLOCK	8	IRON_BLOCK	IRON_BLOCK
IRON_BLOCK	9	IRON_BLOCK	IRON_BLOCK
IRON_BLOCK	10	IRON_BLOCK	IRON_BLOCK
IRON_BLOCK	11	IRON_BLOCK	IRON_BLOCK
IRON_BLOCK	12	IRON_BLOCK	IRON_BLOCK
IRON_BLOCK	13	IRON_BLOCK	IRON_BLOCK
IRON_BLOCK	14	IRON_BLOCK	IRON_BLOCK
IRON_BLOCK	15	IRON_BLOCK	IRON_BLOCK
DOUBLE_STEP	0	STONE_SLAB	
DOUBLE_STEP	1	SANDSTONE_SLAB	
DOUBLE_STEP	2	PETRIFIED_OAK_SLAB	
DOUBLE_STEP	3	COBBLESTONE_SLAB	
DOUBLE_STEP	4	BRICK_SLAB	
DOUBLE_STEP	5	STONE_BRICK_SLAB	
DOUBLE_STEP	6	NETHER_BRICK_SLAB	
DOUBLE_STEP	7	QUARTZ_SLAB	
DOUBLE_STEP	8	SMOOTH_STONE	
DOUBLE_STEP	9	SMOOTH_SANDSTONE	
DOUBLE_STEP	10	PETRIFIED_OAK_SLAB	
DOUBLE_STEP	11	COBBLESTONE_SLAB	
DOUBLE_STEP	12	BRICK_SLAB	
DOUBLE_STEP	13	STONE_BRICK_SLAB	
DOUBLE_STEP	14	NETHER_BRICK_SLAB	
DOUBLE_STEP	15	SMOOTH_QUARTZ	
STEP	0	STONE_SLAB	STONE_SLAB
STEP	1	SANDSTONE_SLAB	SANDSTONE_SLAB
STEP	2	PETRIFIED_OAK_SLAB	PETRIFIED_OAK_SLAB
STEP	3	COBBLESTONE_SLAB	COBBLESTONE_SLAB
STEP	4	BRICK_SLAB	BRICK_SLAB
STEP	5	STONE_BRICK_SLAB	STONE_BRICK_SLAB
STEP	6	NETHER_BRICK_SLAB	NETHER_BRICK_SLAB
STEP	7	QUARTZ_SLAB	QUARTZ_SLAB
STEP	8	STONE_SLAB	STONE_SLAB
STEP	9	SANDSTONE_SLAB	STONE_SLAB
STEP	10	PETRIFIED_OAK_SLAB	STONE_SLAB
STEP	11	COBBLESTONE_SLAB	STONE_SLAB
STEP	12	BRICK_SLAB	STONE_SLAB
STEP	13	STONE_BRICK_SLAB	STONE_SLAB
STEP	14	NETHER_BRICK_SLAB	STONE_SLAB
STEP	15	QUARTZ_SLAB	STONE_SLAB
BRICK	0	BRICKS	BRICKS
BRICK	1	BRICKS	BRICKS
BRICK	2	BRICKS	BRICKS
BRICK	3	BRICKS	BRICKS
BRICK	4	BRICKS	BRICKS
BRICK	5	BRICKS	BRICKS
BRICK	6	BRICKS	BRICKS
BRICK	7	BRICKS	BRICKS
BRICK	8	BRICKS	BRICKS
BRICK	9	BRICKS	BRICKS
BRICK	10	BRICKS	BRICKS
BRICK	11	BRICKS	BRICKS
BRICK	12	BRICKS	BRICKS
BRICK	13	BRICKS	BRICKS
BRICK	14	BRICKS	BRICKS
BRICK	15	BRICKS	BRICKS
TNT	0	TNT	TNT
TNT	1	TNT	TNT
TNT	2	TNT	TNT
TNT	3	TNT	TNT
TNT	4	TNT	TNT
TNT	5	TNT	TNT
TNT	6	TNT	TNT
TNT	7	TNT	TNT
TNT	8	TNT	TNT
TNT	9	TNT	TNT
TNT	10	TNT	TNT
TNT	11	TNT	TNT
TNT	12	TNT	TNT
TNT	13	TNT	TNT
TNT	14	TNT	TNT
TNT	15	TNT	TNT
BOOKSHELF	0	BOOKSHELF	BOOKSHELF
BOOKSHELF	1	BOOKSHELF	BOOKSHELF
BOOKSHELF	2	BOOKSHELF	BOOKSHELF
BOOKSHELF	3	BOOKSHELF	BOOKSHELF
BOOKSHELF	4	BOOKSHELF	BOOKSHELF
BOOKSHELF	5	BOOKSHELF	BOOKSHELF
BOOKSHELF	6	BOOKSHELF	BOOKSHELF
BOOKSHELF	7	BOOKSHELF	BOOKSHELF
BOOKSHELF	8	BOOKSHELF	BOOKSHELF
BOOKSHELF	9	BOOKSHELF	BOOKSHELF
BOOKSHELF	10	BOOKSHELF	BOOKSHELF
BOOKSHELF	11	BOOKSHELF	BOOKSHELF
BOOKSHELF	12	BOOKSHELF	BOOKSHELF
BOOKSHELF	13	BOOKSHELF	BOOKSHELF
BOOKSHELF	14	BOOKSHELF	BOOKSHELF
BOOKSHELF	15	BOOKSHELF	BOOKSHELF
MOSSY_COBBLESTONE	0	MOSSY_COBBLESTONE	MOSSY_COBBLESTONE
MOSSY_COBBLESTONE	1	MOSSY_COBBLESTONE	MOSSY_COBBLESTONE
MOSSY_COBBLESTONE	2	MOSSY_COBBLESTONE	MOSSY_COBBLESTONE
MOSSY_COBBLESTONE	3	MOSSY_COBBLESTONE	MOSSY_COBBLESTONE
MOSSY_COBBLESTONE	4	MOSSY_COBBLESTONE	MOSSY_COBBLESTONE
MOSSY_COBBLESTONE	5	MOSSY_COBBLESTONE	MOSSY_COBBLESTONE
MOSSY_COBBLESTONE	6	MOSSY_COBBLESTONE	MOSSY_COBBLESTONE
MOSSY_COBBLESTONE	7	MOSSY_COBBLESTONE	MOSSY_COBBLESTONE
MOSSY_COBBLESTONE	8	MOSSY_COBBLESTONE	MOSSY_COBBLESTONE
MOSSY_COBBLESTONE	9	MOSSY_COBBLESTONE	MOSSY_COBBLESTONE
MOSSY_COBBLESTONE	10	MOSSY_COBBLESTONE	MOSSY_COBBLESTONE
MOSSY_COBBLESTONE	11	MOSSY_COBBLESTONE	MOSSY_COBBLESTONE
MOSSY_COBBLESTONE	12	MOSSY_COBBLESTONE	MOSSY_COBBLESTONE
MOSSY_COBBLESTONE	13	MOSSY_COBBLESTONE	MOSSY_COBBLESTONE
MOSSY_COBBLESTONE	14	MOSSY_COBBLESTONE	MOSSY_COBBLESTONE
MOSSY_COBBLESTONE	15	MOSSY_COBBLESTONE	MOSSY_COBBLESTONE
OBSIDIAN	0	OBSIDIAN	OBSIDIAN
OBSIDIAN	1	OBSIDIAN	OBSIDIAN
OBSIDIAN	2	OBSIDIAN	OBSIDIAN
OBSIDIAN	3	OBSIDIAN	OBSIDIAN
OBSIDIAN	4	OBSIDIAN	OBSIDIAN
OBSIDIAN	5	OBSIDIAN	OBSIDIAN
OBSIDIAN	6	OBSIDIAN	OBSIDIAN
OBSIDIAN	7	OBSIDIAN	OBSIDIAN
OBSIDIAN	8	OBSIDIAN	OBSIDIAN
OBSIDIAN	9	OBSIDIAN	OBSIDIAN
OBSIDIAN	10	OBSIDIAN	OBSIDIAN
OBSIDIAN	11	OBSIDIAN	OBSIDIAN
OBSIDIAN	12	OBSIDIAN	OBSIDIAN
OBSIDIAN	13	OBSIDIAN	OBSIDIAN
OBSIDIAN	14	OBSIDIAN	OBSIDIAN
OBSIDIAN	15	OBSIDIAN	OBSIDIAN
TORCH	0	TORCH	TORCH
TORCH	1	WALL_TORCH	TORCH
TORCH	2	WALL_TORCH	TORCH
TORCH	3	WALL_TORCH	TORCH
TORCH	4	WALL_TORCH	TORCH
TORCH	5	TORCH	TORCH
TORCH	6	TORCH	TORCH
TORCH	7	TORCH	TORCH
TORCH	8	TORCH	TORCH
TORCH	9	TORCH	TORCH
TORCH	10	TORCH	TORCH
TORCH	11	TORCH	TORCH
TORCH	12	TORCH	TORCH
TORCH	13	TORCH	TORCH
TORCH	14	TORCH	TORCH
TORCH	15	TORCH	TORCH
FIRE	0	FIRE	
FIRE	1	FIRE	
FIRE	2	FIRE	
FIRE	3	FIRE	
FIRE	4	FIRE	
FIRE	5	FIRE	
FIRE	6	FIRE	
FIRE	7	FIRE	
FIRE	8	FIRE	
FIRE	9	FIRE	
FIRE	10	FIRE	
FIRE	11	FIRE	
FIRE	12	FIRE	
FIRE	13	FIRE	
FIRE	14	FIRE	
FIRE	15	FIRE	
MOB_SPAWNER	0	SPAWNER	SPAWNER
MOB_SPAWNER	1	SPAWNER	SPAWNER
MOB_SPAWNER	2	SPAWNER	SPAWNER
MOB_SPAWNER	3	SPAWNER	SPAWNER
MOB_SPAWNER	4	SPAWNER	SPAWNER
MOB_SPAWNER	5	SPAWNER	SPAWNER
MOB_SPAWNER	6	SPAWNER	SPAWNER
MOB_SPAWNER	7	SPAWNER	SPAWNER
MOB_SPAWNER	8	SPAWNER	SPAWNER
MOB_SPAWNER	9	SPAWNER	SPAWNER
MOB_SPAWNER	10	SPAWNER	SPAWNER
MOB_SPAWNER	11	SPAWNER	SPAWNER
MOB_SPAWNER	12	SPAWNER	SPAWNER
MOB_SPAWNER	13	SPAWNER	SPAWNER
MOB_SPAWNER	14	SPAWNER	SPAWNER
MOB_SPAWNER	15	SPAWNER	SPAWNER
WOOD_STAIRS	0	OAK_STAIRS	OAK_STAIRS
WOOD_STAIRS	1	OAK_STAIRS	OAK_STAIRS
WOOD_STAIRS	2	OAK_STAIRS	OAK_STAIRS
WOOD_STAIRS	3	OAK_STAIRS	OAK_STAIRS
WOOD_STAIRS	4	OAK_STAIRS	OAK_STAIRS
WOOD_STAIRS	5	OAK_STAIRS	OAK_STAIRS
WOOD_STAIRS	6	OAK_STAIRS	OAK_STAIRS
WOOD_STAIRS	7	OAK_STAIRS	OAK_STAIRS
WOOD_STAIRS	8	OAK_STAIRS	OAK_STAIRS
WOOD_STAIRS	9	OAK_STAIRS	OAK_STAIRS
WOOD_STAIRS	10	OAK_STAIRS	OAK_STAIRS
WOOD_STAIRS	11	OAK_STAIRS	OAK_STAIRS
WOOD_STAIRS	12	OAK_STAIRS	OAK_STAIRS
WOOD_STAIRS	13	OAK_STAIRS	OAK_STAIRS
WOOD_STAIRS	14	OAK_STAIRS	OAK_STAIRS
WOOD_STAIRS	15	OAK_STAIRS	OAK_STAIRS
CHEST	0	CHEST	CHEST
CHEST	1	CHEST	CHEST
CHEST	2	CHEST	CHEST
CHEST	3	CHEST	CHEST
CHEST	4	CHEST	CHEST
CHEST	5	CHEST	CHEST
CHEST	6	CHEST	CHEST
CHEST	7	CHEST	CHEST
CHEST	8	CHEST	CHEST
CHEST	9	CHEST	CHEST
CHEST	10	CHEST	CHEST
CHEST	11	CHEST	CHEST
CHEST	12	CHEST	CHEST
CHEST	13	CHEST	CHEST
CHEST	14	CHEST	CHEST
CHEST	15	CHEST	CHEST
REDSTONE_WIRE	0	REDSTONE_WIRE	
REDSTONE_WIRE	1	REDSTONE_WIRE	
REDSTONE_WIRE	2	REDSTONE_WIRE	
REDSTONE_WIRE	3	REDSTONE_WIRE	
REDSTONE_WIRE	4	REDSTONE_WIRE	
REDSTONE_WIRE	5	REDSTONE_WIRE	
REDSTONE_WIRE	6	REDSTONE_WIRE	
REDSTONE_WIRE	7	REDSTONE_WIRE	
REDSTONE_WIRE	8	REDSTONE_WIRE	
REDSTONE_WIRE	9	REDSTONE_WIRE	
REDSTONE_WIRE	10	REDSTONE_WIRE	
REDSTONE_WIRE	11	REDSTONE_WIRE	
REDSTONE_WIRE	12	REDSTONE_WIRE	
REDSTONE_WIRE	13	REDSTONE_WIRE	
REDSTONE_WIRE	14	REDSTONE_WIRE	
REDSTONE_WIRE	15	REDSTONE_WIRE	
DIAMOND_ORE	0	DIAMOND_ORE	DIAMOND_ORE
DIAMOND_ORE	1	DIAMOND_ORE	DIAMOND_ORE
DIAMOND_ORE	2	DIAMOND_ORE	DIAMOND_ORE
DIAMOND_ORE	3	DIAMOND_ORE	DIAMOND_ORE
DIAMOND_ORE	4	DIAMOND_ORE	DIAMOND_ORE
DIAMOND_ORE	5	DIAMOND_ORE	DIAMOND_ORE
DIAMOND_ORE	6	DIAMOND_ORE	DIAMOND_ORE
DIAMOND_ORE	7	DIAMOND_ORE	DIAMOND_ORE
DIAMOND_ORE	8	DIAMOND_ORE	DIAMOND_ORE
DIAMOND_ORE	9	DIAMOND_ORE	DIAMOND_ORE
DIAMOND_ORE	10	DIAMOND_ORE	DIAMOND_ORE
DIAMOND_ORE	11	DIAMOND_ORE	DIAMOND_ORE
DIAMOND_ORE	12	DIAMOND_ORE	DIAMOND_ORE
DIAMOND_ORE	13	DIAMOND_ORE	DIAMOND_ORE
DIAMOND_ORE	14	DIAMOND_ORE	DIAMOND_ORE
DIAMOND_ORE	15	DIAMOND_ORE	DIAMOND_ORE
DIAMOND_BLOCK	0	DIAMOND_BLOCK	DIAMOND_BLOCK
DIAMOND_BLOCK	1	DIAMOND_BLOCK	DIAMOND_BLOCK
DIAMOND_BLOCK	2	DIAMOND_BLOCK	DIAMOND_BLOCK
DIAMOND_BLOCK	3	DIAMOND_BLOCK	DIAMOND_BLOCK
DIAMOND_BLOCK	4	DIAMOND_BLOCK	DIAMOND_BLOCK
DIAMOND_BLOCK	5	DIAMOND_BLOCK	DIAMOND_BLOCK
DIAMOND_BLOCK	6	DIAMOND_BLOCK	DIAMOND_BLOCK
DIAMOND_BLOCK	7	DIAMOND_BLOCK	DIAMOND_BLOCK
DIAMOND_BLOCK	8	DIAMOND_BLOCK	DIAMOND_BLOCK
DIAMOND_BLOCK	9	DIAMOND_BLOCK	DIAMOND_BLOCK
DIAMOND_BLOCK	10	DIAMOND_BLOCK	DIAMOND_BLOCK
DIAMOND_BLOCK	11	DIAMOND_BLOCK	DIAMOND_BLOCK
DIAMOND_BLOCK	12	DIAMOND_BLOCK	DIAMOND_BLOCK
DIAMOND_BLOCK	13	DIAMOND_BLOCK	DIAMOND_BLOCK
DIAMOND_BLOCK	14	DIAMOND_BLOCK	DIAMOND_BLOCK
DIAMOND_BLOCK	15	DIAMOND_BLOCK	DIAMOND_BLOCK
WORKBENCH	0	CRAFTING_TABLE	CRAFTING_TABLE
WORKBENCH	1	CRAFTING_TABLE	CRAFTING_TABLE
WORKBENCH	2	CRAFTING_TABLE	CRAFTING_TABLE
WORKBENCH	3	CRAFTING_TABLE	CRAFTING_TABLE
WORKBENCH	4	CRAFTING_TABLE	CRAFTING_TABLE
WORKBENCH	5	CRAFTING_TABLE	CRAFTING_TABLE
WORKBENCH	6	CRAFTING_TABLE	CRAFTING_TABLE
WORKBENCH	7	CRAFTING_TABLE	CRAFTING_TABLE
WORKBENCH	8	CRAFTING_TABLE	CRAFTING_TABLE
WORKBENCH	9	CRAFTING_TABLE	CRAFTING_TABLE
WORKBENCH	10	CRAFTING_TABLE	CRAFTING_TABLE
WORKBENCH	11	CRAFTING_TABLE	CRAFTING_TABLE
WORKBENCH	12	CRAFTING_TABLE	CRAFTING_TABLE
WORKBENCH	13	CRAFTING_TABLE	CRAFTING_TABLE
WORKBENCH	14	CRAFTING_TABLE	CRAFTING_TABLE
WORKBENCH	15	CRAFTING_TABLE	CRAFTING_TABLE
CROPS	0	WHEAT	
CROPS	1	WHEAT	
CROPS	2	WHEAT	
CROPS	3	WHEAT	
CROPS	4	WHEAT	
CROPS	5	WHEAT	
CROPS	6	WHEAT	
CROPS	7	WHEAT	
SOIL	0	FARMLAND	FARMLAND
SOIL	1	FARMLAND	FARMLAND
SOIL	2	FARMLAND	FARMLAND
SOIL	3	FARMLAND	FARMLAND
SOIL	4	FARMLAND	FARMLAND
SOIL	5	FARMLAND	FARMLAND
SOIL	6	FARMLAND	FARMLAND
SOIL	7	FARMLAND	FARMLAND
SOIL	8	FARMLAND	FARMLAND
SOIL	9	FARMLAND	FARMLAND
SOIL	10	FARMLAND	FARMLAND
SOIL	11	FARMLAND	FARMLAND
SOIL	12	FARMLAND	FARMLAND
SOIL	13	FARMLAND	FARMLAND
SOIL	14	FARMLAND	FARMLAND
SOIL	15	FARMLAND	FARMLAND
FURNACE	0	FURNACE	FURNACE
FURNACE	1	FURNACE	FURNACE
FURNACE	2	FURNACE	FURNACE
FURNACE	3	FURNACE	FURNACE
FURNACE	4	FURNACE	FURNACE
FURNACE	5	FURNACE	FURNACE
FURNACE	6	FURNACE	FURNACE
FURNACE	7	FURNACE	FURNACE
FURNACE	8	FURNACE	FURNACE
FURNACE	9	FURNACE	FURNACE
FURNACE	10	FURNACE	FURNACE
FURNACE	11	FURNACE	FURNACE
FURNACE	12	FURNACE	FURNACE
FURNACE	13	FURNACE	FURNACE
FURNACE	14	FURNACE	FURNACE
FURNACE	15	FURNACE	FURNACE
BURNING_FURNACE	2	FURNACE	
BURNING_FURNACE	3	FURNACE	
BURNING_FURNACE	4	FURNACE	
BURNING_FURNACE	5	FURNACE	
SIGN_POST	0	OAK_SIGN	
SIGN_POST	1	OAK_SIGN	
SIGN_POST	2	OAK_SIGN	
SIGN_POST	3	OAK_SIGN	
SIGN_POST	4	OAK_SIGN	
SIGN_POST	5	OAK_SIGN	
SIGN_POST	6	OAK_SIGN	
SIGN_POST	7	OAK_SIGN	
SIGN_POST	8	OAK_SIGN	
SIGN_POST	9	OAK_SIGN	
SIGN_POST	10	OAK_SIGN	
SIGN_POST	11	OAK_SIGN	
SIGN_POST	12	OAK_SIGN	
SIGN_POST	13	OAK_SIGN	
SIGN_POST	14	OAK_SIGN	
SIGN_POST	15	OAK_SIGN	
WOODEN_DOOR	0	OAK_DOOR	
WOODEN_DOOR	1	OAK_DOOR	
WOODEN_DOOR	2	OAK_DOOR	
WOODEN_DOOR	3	OAK_DOOR	
WOODEN_DOOR	4	OAK_DOOR	
WOODEN_DOOR	5	OAK_DOOR	
WOODEN_DOOR	6	OAK_DOOR	
WOODEN_DOOR	7	OAK_DOOR	
WOODEN_DOOR	8	OAK_DOOR	
WOODEN_DOOR	9	OAK_DOOR	
WOODEN_DOOR	10	OAK_DOOR	
WOODEN_DOOR	11	OAK_DOOR	
WOODEN_DOOR	12	OAK_DOOR	
WOODEN_DOOR	13	OAK_DOOR	
WOODEN_DOOR	14	OAK_DOOR	
WOODEN_DOOR	15	OAK_DOOR	
LADDER	0	LADDER	LADDER
LADDER	1	LADDER	LADDER
LADDER	2	LADDER	LADDER
LADDER	3	LADDER	LADDER
LADDER	4	LADDER	LADDER
LADDER	5	LADDER	LADDER
LADDER	6	LADDER	LADDER
LADDER	7	LADDER	LADDER
LADDER	8	LADDER	LADDER
LADDER	9	LADDER	LADDER
LADDER	10	LADDER	LADDER
LADDER	11	LADDER	LADDER
LADDER	12	LADDER	LADDER
LADDER	13	LADDER	LADDER
LADDER	14	LADDER	LADDER
LADDER	15	LADDER	LADDER
RAILS	0	RAIL	RAIL
RAILS	1	RAIL	RAIL
RAILS	2	RAIL	RAIL
RAILS	3	RAIL	RAIL
RAILS	4	RAIL	RAIL
RAILS	5	RAIL	RAIL
RAILS	6	RAIL	RAIL
RAILS	7	RAIL	RAIL
RAILS	8	RAIL	RAIL
RAILS	9	RAIL	RAIL
RAILS	10	RAIL	RAIL
RAILS	11	RAIL	RAIL
RAILS	12	RAIL	RAIL
RAILS	13	RAIL	RAIL
RAILS	14	RAIL	RAIL
RAILS	15	RAIL	RAIL
COBBLESTONE_STAIRS	0	COBBLESTONE_STAIRS	COBBLESTONE_STAIRS
COBBLESTONE_STAIRS	1	COBBLESTONE_STAIRS	COBBLESTONE_STAIRS
COBBLESTONE_STAIRS	2	COBBLESTONE_STAIRS	COBBLESTONE_STAIRS
COBBLESTONE_STAIRS	3	COBBLESTONE_STAIRS	COBBLESTONE_STAIRS
COBBLESTONE_STAIRS	4	COBBLESTONE_STAIRS	COBBLESTONE_STAIRS
COBBLESTONE_STAIRS	5	COBBLESTONE_STAIRS	COBBLESTONE_STAIRS
COBBLESTONE_STAIRS	6	COBBLESTONE_STAIRS	COBBLESTONE_STAIRS
COBBLESTONE_STAIRS	7	COBBLESTONE_STAIRS	COBBLESTONE_STAIRS
COBBLESTONE_STAIRS	8	COBBLESTONE_STAIRS	COBBLESTONE_STAIRS
COBBLESTONE_STAIRS	9	COBBLESTONE_STAIRS	COBBLESTONE_STAIRS
COBBLESTONE_STAIRS	10	COBBLESTONE_STAIRS	COBBLESTONE_STAIRS
COBBLESTONE_STAIRS	11	COBBLESTONE_STAIRS	COBBLESTONE_STAIRS
COBBLESTONE_STAIRS	12	COBBLESTONE_STAIRS	COBBLESTONE_STAIRS
COBBLESTONE_STAIRS	13	COBBLESTONE_STAIRS	COBBLESTONE_STAIRS
COBBLESTONE_STAIRS	14	COBBLESTONE_STAIRS	COBBLESTONE_STAIRS
COBBLESTONE_STAIRS	15	COBBLESTONE_STAIRS	COBBLESTONE_STAIRS
WALL_SIGN	2	OAK_WALL_SIGN	
WALL_SIGN	3	OAK_WALL_SIGN	
WALL_SIGN	4	OAK_WALL_SIGN	
WALL_SIGN	5	OAK_WALL_SIGN	
LEVER	0	LEVER	LEVER
LEVER	1	LEVER	LEVER
LEVER	2	LEVER	LEVER
LEVER	3	LEVER	LEVER
LEVER	4	LEVER	LEVER
LEVER	5	LEVER	LEVER
LEVER	6	LEVER	LEVER
LEVER	7	LEVER	LEVER
LEVER	8	LEVER	LEVER
LEVER	9	LEVER	LEVER
LEVER	10	LEVER	LEVER
LEVER	11	LEVER	LEVER
LEVER	12	LEVER	LEVER
LEVER	13	LEVER	LEVER
LEVER	14	LEVER	LEVER
LEVER	15	LEVER	LEVER
STONE_PLATE	0	STONE_PRESSURE_PLATE	STONE_PRESSURE_PLATE
STONE_PLATE	1	STONE_PRESSURE_PLATE	STONE_PRESSURE_PLATE
STONE_PLATE	2	STONE_PRESSURE_PLATE	STONE_PRESSURE_PLATE
STONE_PLATE	3	STONE_PRESSURE_PLATE	STONE_PRESSURE_PLATE
STONE_PLATE	4	STONE_PRESSURE_PLATE	STONE_PRESSURE_PLATE
STONE_PLATE	5	STONE_PRESSURE_PLATE	STONE_PRESSURE_PLATE
STONE_PLATE	6	STONE_PRESSURE_PLATE	STONE_PRESSURE_PLATE
STONE_PLATE	7	STONE_PRESSURE_PLATE	STONE_PRESSURE_PLATE
STONE_PLATE	8	STONE_PRESSURE_PLATE	STONE_PRESSURE_PLATE
STONE_PLATE	9	STONE_PRESSURE_PLATE	STONE_PRESSURE_PLATE
STONE_PLATE	10	STONE_PRESSURE_PLATE	STONE_PRESSURE_PLATE
STONE_PLATE	11	STONE_PRESSURE_PLATE	STONE_PRESSURE_PLATE
STONE_PLATE	12	STONE_PRESSURE_PLATE	STONE_PRESSURE_PLATE
STONE_PLATE	13	STONE_PRESSURE_PLATE	STONE_PRESSURE_PLATE
STONE_PLATE	14	STONE_PRESSURE_PLATE	STONE_PRESSURE_PLATE
STONE_PLATE	15	STONE_PRESSURE_PLATE	STONE_PRESSURE_PLATE
IRON_DOOR_BLOCK	0	IRON_DOOR	
IRON_DOOR_BLOCK	1	IRON_DOOR	
IRON_DOOR_BLOCK	2	IRON_DOOR	
IRON_DOOR_BLOCK	3	IRON_DOOR	
IRON_DOOR_BLOCK	4	IRON_DOOR	
IRON_DOOR_BLOCK	5	IRON_DOOR	
IRON_DOOR_BLOCK	6	IRON_DOOR	
IRON_DOOR_BLOCK	7	IRON_DOOR	
IRON_DOOR_BLOCK	8	IRON_DOOR	
IRON_DOOR_BLOCK	9	IRON_DOOR	
IRON_DOOR_BLOCK	10	IRON_DOOR	
IRON_DOOR_BLOCK	11	IRON_DOOR	
IRON_DOOR_BLOCK	12	IRON_DOOR	
IRON_DOOR_BLOCK	13	IRON_DOOR	
IRON_DOOR_BLOCK	14	IRON_DOOR	
IRON_DOOR_BLOCK	15	IRON_DOOR	
WOOD_PLATE	0	OAK_PRESSURE_PLATE	OAK_PRESSURE_PLATE
WOOD_PLATE	1	OAK_PRESSURE_PLATE	OAK_PRESSURE_PLATE
WOOD_PLATE	2	OAK_PRESSURE_PLATE	OAK_PRESSURE_PLATE
WOOD_PLATE	3	OAK_PRESSURE_PLATE	OAK_PRESSURE_PLATE
WOOD_PLATE	4	OAK_PRESSURE_PLATE	OAK_PRESSURE_PLATE
WOOD_PLATE	5	OAK_PRESSURE_PLATE	OAK_PRESSURE_PLATE
WOOD_PLATE	6	OAK_PRESSURE_PLATE	OAK_PRESSURE_PLATE
WOOD_PLATE	7	OAK_PRESSURE_PLATE	OAK_PRESSURE_PLATE
WOOD_PLATE	8	OAK_PRESSURE_PLATE	OAK_PRESSURE_PLATE
WOOD_PLATE	9	OAK_PRESSURE_PLATE	OAK_PRESSURE_PLATE
WOOD_PLATE	10	OAK_PRESSURE_PLATE	OAK_PRESSURE_PLATE
WOOD_PLATE	11	OAK_PRESSURE_PLATE	OAK_PRESSURE_PLATE
WOOD_PLATE	12	OAK_PRESSURE_PLATE	OAK_PRESSURE_PLATE
WOOD_PLATE	13	OAK_PRESSURE_PLATE	OAK_PRESSURE_PLATE
WOOD_PLATE	14	OAK_PRESSURE_PLATE	OAK_PRESSURE_PLATE
WOOD_PLATE	15	OAK_PRESSURE_PLATE	OAK_PRESSURE_PLATE
REDSTONE_ORE	0	REDSTONE_ORE	REDSTONE_ORE
REDSTONE_ORE	1	REDSTONE_ORE	REDSTONE_ORE
REDSTONE_ORE	2	REDSTONE_ORE	REDSTONE_ORE
REDSTONE_ORE	3	REDSTONE_ORE	REDSTONE_ORE
REDSTONE_ORE	4	REDSTONE_ORE	REDSTONE_ORE
REDSTONE_ORE	5	REDSTONE_ORE	REDSTONE_ORE
REDSTONE_ORE	6	REDSTONE_ORE	REDSTONE_ORE
REDSTONE_ORE	7	REDSTONE_ORE	REDSTONE_ORE
REDSTONE_ORE	8	REDSTONE_ORE	REDSTONE_ORE
REDSTONE_ORE	9	REDSTONE_ORE	REDSTONE_ORE
REDSTONE_ORE	10	REDSTONE_ORE	REDSTONE_ORE
REDSTONE_ORE	11	REDSTONE_ORE	REDSTONE_ORE
REDSTONE_ORE	12	REDSTONE_ORE	REDSTONE_ORE
REDSTONE_ORE	13	REDSTONE_ORE	REDSTONE_ORE
REDSTONE_ORE	14	REDSTONE_ORE	REDSTONE_ORE
REDSTONE_ORE	15	REDSTONE_ORE	REDSTONE_ORE
GLOWING_REDSTONE_ORE	0	REDSTONE_ORE	
REDSTONE_TORCH_OFF	1	REDSTONE_WALL_TORCH	
REDSTONE_TORCH_OFF	2	REDSTONE_WALL_TORCH	
REDSTONE_TORCH_OFF	3	REDSTONE_WALL_TORCH	
REDSTONE_TORCH_OFF	4	REDSTONE_WALL_TORCH	
REDSTONE_TORCH_OFF	5	REDSTONE_TORCH	
REDSTONE_TORCH_ON	0	REDSTONE_TORCH	REDSTONE_TORCH
REDSTONE_TORCH_ON	1	REDSTONE_WALL_TORCH	REDSTONE_TORCH
REDSTONE_TORCH_ON	2	REDSTONE_WALL_TORCH	REDSTONE_TORCH
REDSTONE_TORCH_ON	3	REDSTONE_WALL_TORCH	REDSTONE_TORCH
REDSTONE_TORCH_ON	4	REDSTONE_WALL_TORCH	REDSTONE_TORCH
REDSTONE_TORCH_ON	5	REDSTONE_TORCH	REDSTONE_TORCH
REDSTONE_TORCH_ON	6	REDSTONE_TORCH	REDSTONE_TORCH
REDSTONE_TORCH_ON	7	REDSTONE_TORCH	REDSTONE_TORCH
REDSTONE_TORCH_ON	8	REDSTONE_TORCH	REDSTONE_TORCH
REDSTONE_TORCH_ON	9	REDSTONE_TORCH	REDSTONE_TORCH
REDSTONE_TORCH_ON	10	REDSTONE_TORCH	REDSTONE_TORCH
REDSTONE_TORCH_ON	11	REDSTONE_TORCH	REDSTONE_TORCH
REDSTONE_TORCH_ON	12	REDSTONE_TORCH	REDSTONE_TORCH
REDSTONE_TORCH_ON	13	REDSTONE_TORCH	REDSTONE_TORCH
REDSTONE_TORCH_ON	14	REDSTONE_TORCH	REDSTONE_TORCH
REDSTONE_TORCH_ON	15	REDSTONE_TORCH	REDSTONE_TORCH
STONE_BUTTON	0	STONE_BUTTON	STONE_BUTTON
STONE_BUTTON	1	STONE_BUTTON	STONE_BUTTON
STONE_BUTTON	2	STONE_BUTTON	STONE_BUTTON
STONE_BUTTON	3	STONE_BUTTON	STONE_BUTTON
STONE_BUTTON	4	STONE_BUTTON	STONE_BUTTON
STONE_BUTTON	5	STONE_BUTTON	STONE_BUTTON
STONE_BUTTON	6	STONE_BUTTON	STONE_BUTTON
STONE_BUTTON	7	STONE_BUTTON	STONE_BUTTON
STONE_BUTTON	8	STONE_BUTTON	STONE_BUTTON
STONE_BUTTON	9	STONE_BUTTON	STONE_BUTTON
STONE_BUTTON	10	STONE_BUTTON	STONE_BUTTON
STONE_BUTTON	11	STONE_BUTTON	STONE_BUTTON
STONE_BUTTON	12	STONE_BUTTON	STONE_BUTTON
STONE_BUTTON	13	STONE_BUTTON	STONE_BUTTON
STONE_BUTTON	14	STONE_BUTTON	STONE_BUTTON
STONE_BUTTON	15	STONE_BUTTON	STONE_BUTTON
SNOW	0	SNOW	SNOW
SNOW	1	SNOW	SNOW
SNOW	2	SNOW	SNOW
SNOW	3	SNOW	SNOW
SNOW	4	SNOW	SNOW
SNOW	5	SNOW	SNOW
SNOW	6	SNOW	SNOW
SNOW	7	SNOW	SNOW
SNOW	8	SNOW	SNOW
SNOW	9	SNOW	SNOW
SNOW	10	SNOW	SNOW
SNOW	11	SNOW	SNOW
SNOW	12	SNOW	SNOW
SNOW	13	SNOW	SNOW
SNOW	14	SNOW	SNOW
SNOW	15	SNOW	SNOW
ICE	0	ICE	ICE
ICE	1	ICE	ICE
ICE	2	ICE	ICE
ICE	3	ICE	ICE
ICE	4	ICE	ICE
ICE	5	ICE	ICE
ICE	6	ICE	ICE
ICE	7	ICE	ICE
ICE	8	ICE	ICE
ICE	9	ICE	ICE
ICE	10	ICE	ICE
ICE	11	ICE	ICE
ICE	12	ICE	ICE
ICE	13	ICE	ICE
ICE	14	ICE	ICE
ICE	15	ICE	ICE
SNOW_BLOCK	0	SNOW_BLOCK	SNOW_BLOCK
SNOW_BLOCK	1	SNOW_BLOCK	SNOW_BLOCK
SNOW_BLOCK	2	SNOW_BLOCK	SNOW_BLOCK
SNOW_BLOCK	3	SNOW_BLOCK	SNOW_BLOCK
SNOW_BLOCK	4	SNOW_BLOCK	SNOW_BLOCK
SNOW_BLOCK	5	SNOW_BLOCK	SNOW_BLOCK
SNOW_BLOCK	6	SNOW_BLOCK	SNOW_BLOCK
SNOW_BLOCK	7	SNOW_BLOCK	SNOW_BLOCK
SNOW_BLOCK	8	SNOW_BLOCK	SNOW_BLOCK
SNOW_BLOCK	9	SNOW_BLOCK	SNOW_BLOCK
SNOW_BLOCK	10	SNOW_BLOCK	SNOW_BLOCK
SNOW_BLOCK	11	SNOW_BLOCK	SNOW_BLOCK
SNOW_BLOCK	12	SNOW_BLOCK	SNOW_BLOCK
SNOW_BLOCK	13	SNOW_BLOCK	SNOW_BLOCK
SNOW_BLOCK	14	SNOW_BLOCK	SNOW_BLOCK
SNOW_BLOCK	15	SNOW_BLOCK	SNOW_BLOCK
CACTUS	0	CACTUS	CACTUS
CACTUS	1	CACTUS	CACTUS
CACTUS	2	CACTUS	CACTUS
CACTUS	3	CACTUS	CACTUS
CACTUS	4	CACTUS	CACTUS
CACTUS	5	CACTUS	CACTUS
CACTUS	6	CACTUS	CACTUS
CACTUS	7	CACTUS	CACTUS
CACTUS	8	CACTUS	CACTUS
CACTUS	9	CACTUS	CACTUS
CACTUS	10	CACTUS	CACTUS
CACTUS	11	CACTUS	CACTUS
CACTUS	12	CACTUS	CACTUS
CACTUS	13	CACTUS	CACTUS
CACTUS	14	CACTUS	CACTUS
CACTUS	15	CACTUS	CACTUS
CLAY	0	CLAY	CLAY
CLAY	1	CLAY	CLAY
CLAY	2	CLAY	CLAY
CLAY	3	CLAY	CLAY
CLAY	4	CLAY	CLAY
CLAY	5	CLAY	CLAY
CLAY	6	CLAY	CLAY
CLAY	7	CLAY	CLAY
CLAY	8	CLAY	CLAY
CLAY	9	CLAY	CLAY
CLAY	10	CLAY	CLAY
CLAY	11	CLAY	CLAY
CLAY	12	CLAY	CLAY
CLAY	13	CLAY	CLAY
CLAY	14	CLAY	CLAY
CLAY	15	CLAY	CLAY
SUGAR_CANE_BLOCK	0	SUGAR_CANE	
SUGAR_CANE_BLOCK	1	SUGAR_CANE	
SUGAR_CANE_BLOCK	2	SUGAR_CANE	
SUGAR_CANE_BLOCK	3	SUGAR_CANE	
SUGAR_CANE_BLOCK	4	SUGAR_CANE	
SUGAR_CANE_BLOCK	5	SUGAR_CANE	
SUGAR_CANE_BLOCK	6	SUGAR_CANE	
SUGAR_CANE_BLOCK	7	SUGAR_CANE	
SUGAR_CANE_BLOCK	8	SUGAR_CANE	
SUGAR_CANE_BLOCK	9	SUGAR_CANE	
SUGAR_CANE_BLOCK	10	SUGAR_CANE	
SUGAR_CANE_BLOCK	11	SUGAR_CANE	
SUGAR_CANE_BLOCK	12	SUGAR_CANE	
SUGAR_CANE_BLOCK	13	SUGAR_CANE	
SUGAR_CANE_BLOCK	14	SUGAR_CANE	
SUGAR_CANE_BLOCK	15	SUGAR_CANE	
JUKEBOX	0	JUKEBOX	JUKEBOX
JUKEBOX	1	JUKEBOX	JUKEBOX
JUKEBOX	2	JUKEBOX	JUKEBOX
JUKEBOX	3	JUKEBOX	JUKEBOX
JUKEBOX	4	JUKEBOX	JUKEBOX
JUKEBOX	5	JUKEBOX	JUKEBOX
JUKEBOX	6	JUKEBOX	JUKEBOX
JUKEBOX	7	JUKEBOX	JUKEBOX
JUKEBOX	8	JUKEBOX	JUKEBOX
JUKEBOX	9	JUKEBOX	JUKEBOX
JUKEBOX	10	JUKEBOX	JUKEBOX
JUKEBOX	11	JUKEBOX	JUKEBOX
JUKEBOX	12	JUKEBOX	JUKEBOX
JUKEBOX	13	JUKEBOX	JUKEBOX
JUKEBOX	14	JUKEBOX	JUKEBOX
JUKEBOX	15	JUKEBOX	JUKEBOX
FENCE	0	OAK_FENCE	OAK_FENCE
FENCE	1	OAK_FENCE	OAK_FENCE
FENCE	2	OAK_FENCE	OAK_FENCE
FENCE	3	OAK_FENCE	OAK_FENCE
FENCE	4	OAK_FENCE	OAK_FENCE
FENCE	5	OAK_FENCE	OAK_FENCE
FENCE	6	OAK_FENCE	OAK_FENCE
FENCE	7	OAK_FENCE	OAK_FENCE
FENCE	8	OAK_FENCE	OAK_FENCE
FENCE	9	OAK_FENCE	OAK_FENCE
FENCE	10	OAK_FENCE	OAK_FENCE
FENCE	11	OAK_FENCE	OAK_FENCE
FENCE	12	OAK_FENCE	OAK_FENCE
FENCE	13	OAK_FENCE	OAK_FENCE
FENCE	14	OAK_FENCE	OAK_FENCE
FENCE	15	OAK_FENCE	OAK_FENCE
PUMPKIN	0	CARVED_PUMPKIN	CARVED_PUMPKIN
PUMPKIN	1	CARVED_PUMPKIN	CARVED_PUMPKIN
PUMPKIN	2	CARVED_PUMPKIN	CARVED_PUMPKIN
PUMPKIN	3	CARVED_PUMPKIN	CARVED_PUMPKIN
PUMPKIN	4	CARVED_PUMPKIN	CARVED_PUMPKIN
PUMPKIN	5	CARVED_PUMPKIN	CARVED_PUMPKIN
PUMPKIN	6	CARVED_PUMPKIN	CARVED_PUMPKIN
PUMPKIN	7	CARVED_PUMPKIN	CARVED_PUMPKIN
PUMPKIN	8	CARVED_PUMPKIN	CARVED_PUMPKIN
PUMPKIN	9	CARVED_PUMPKIN	CARVED_PUMPKIN
PUMPKIN	10	CARVED_PUMPKIN	CARVED_PUMPKIN
PUMPKIN	11	CARVED_PUMPKIN	CARVED_PUMPKIN
PUMPKIN	12	CARVED_PUMPKIN	CARVED_PUMPKIN
PUMPKIN	13	CARVED_PUMPKIN	CARVED_PUMPKIN
PUMPKIN	14	CARVED_PUMPKIN	CARVED_PUMPKIN
PUMPKIN	15	CARVED_PUMPKIN	CARVED_PUMPKIN
NETHERRACK	0	NETHERRACK	NETHERRACK
NETHERRACK	1	NETHERRACK	NETHERRACK
NETHERRACK	2	NETHERRACK	NETHERRACK
NETHERRACK	3	NETHERRACK	NETHERRACK
NETHERRACK	4	NETHERRACK	NETHERRACK
NETHERRACK	5	NETHERRACK	NETHERRACK
NETHERRACK	6	NETHERRACK	NETHERRACK
NETHERRACK	7	NETHERRACK	NETHERRACK
NETHERRACK	8	NETHERRACK	NETHERRACK
NETHERRACK	9	NETHERRACK	NETHERRACK
NETHERRACK	10	NETHERRACK	NETHERRACK
NETHERRACK	11	NETHERRACK	NETHERRACK
NETHERRACK	12	NETHERRACK	NETHERRACK
NETHERRACK	13	NETHERRACK	NETHERRACK
NETHERRACK	14	NETHERRACK	NETHERRACK
NETHERRACK	15	NETHERRACK	NETHERRACK
SOUL_SAND	0	SOUL_SAND	SOUL_SAND
SOUL_SAND	1	SOUL_SAND	SOUL_SAND
SOUL_SAND	2	SOUL_SAND	SOUL_SAND
SOUL_SAND	3	SOUL_SAND	SOUL_SAND
SOUL_SAND	4	SOUL_SAND	SOUL_SAND
SOUL_SAND	5	SOUL_SAND	SOUL_SAND
SOUL_SAND	6	SOUL_SAND	SOUL_SAND
SOUL_SAND	7	SOUL_SAND	SOUL_SAND
SOUL_SAND	8	SOUL_SAND	SOUL_SAND
SOUL_SAND	9	SOUL_SAND	SOUL_SAND
SOUL_SAND	10	SOUL_SAND	SOUL_SAND
SOUL_SAND	11	SOUL_SAND	SOUL_SAND
SOUL_SAND	12	SOUL_SAND	SOUL_SAND
SOUL_SAND	13	SOUL_SAND	SOUL_SAND
SOUL_SAND	14	SOUL_SAND	SOUL_SAND
SOUL_SAND	15	SOUL_SAND	SOUL_SAND
GLOWSTONE	0	GLOWSTONE	GLOWSTONE
GLOWSTONE	1	GLOWSTONE	GLOWSTONE
GLOWSTONE	2	GLOWSTONE	GLOWSTONE
GLOWSTONE	3	GLOWSTONE	GLOWSTONE
GLOWSTONE	4	GLOWSTONE	GLOWSTONE
GLOWSTONE	5	GLOWSTONE	GLOWSTONE
GLOWSTONE	6	GLOWSTONE	GLOWSTONE
GLOWSTONE	7	GLOWSTONE	GLOWSTONE
GLOWSTONE	8	GLOWSTONE	GLOWSTONE
GLOWSTONE	9	GLOWSTONE	GLOWSTONE
GLOWSTONE	10	GLOWSTONE	GLOWSTONE
GLOWSTONE	11	GLOWSTONE	GLOWSTONE
GLOWSTONE	12	GLOWSTONE	GLOWSTONE
GLOWSTONE	13	GLOWSTONE	GLOWSTONE
GLOWSTONE	14	GLOWSTONE	GLOWSTONE
GLOWSTONE	15	GLOWSTONE	GLOWSTONE
PORTAL	0	NETHER_PORTAL	
PORTAL	1	NETHER_PORTAL	
PORTAL	2	NETHER_PORTAL	
JACK_O_LANTERN	0	JACK_O_LANTERN	JACK_O_LANTERN
JACK_O_LANTERN	1	JACK_O_LANTERN	JACK_O_LANTERN
JACK_O_LANTERN	2	JACK_O_LANTERN	JACK_O_LANTERN
JACK_O_LANTERN	3	JACK_O_LANTERN	JACK_O_LANTERN
JACK_O_LANTERN	4	JACK_O_LANTERN	JACK_O_LANTERN
JACK_O_LANTERN	5	JACK_O_LANTERN	JACK_O_LANTERN
JACK_O_LANTERN	6	JACK_O_LANTERN	JACK_O_LANTERN
JACK_O_LANTERN	7	JACK_O_LANTERN	JACK_O_LANTERN
JACK_O_LANTERN	8	JACK_O_LANTERN	JACK_O_LANTERN
JACK_O_LANTERN	9	JACK_O_LANTERN	JACK_O_LANTERN
JACK_O_LANTERN	10	JACK_O_LANTERN	JACK_O_LANTERN
JACK_O_LANTERN	11	JACK_O_LANTERN	JACK_O_LANTERN
JACK_O_LANTERN	12	JACK_O_LANTERN	JACK_O_LANTERN
JACK_O_LANTERN	13	JACK_O_LANTERN	JACK_O_LANTERN
JACK_O_LANTERN	14	JACK_O_LANTERN	JACK_O_LANTERN
JACK_O_LANTERN	15	JACK_O_LANTERN	JACK_O_LANTERN
CAKE_BLOCK	0	CAKE	
CAKE_BLOCK	1	CAKE	
CAKE_BLOCK	2	CAKE	
CAKE_BLOCK	3	CAKE	
CAKE_BLOCK	4	CAKE	
CAKE_BLOCK	5	CAKE	
CAKE_BLOCK	6	CAKE	
DIODE_BLOCK_OFF	0	REPEATER	
DIODE_BLOCK_OFF	1	REPEATER	
DIODE_BLOCK_OFF	2	REPEATER	
DIODE_BLOCK_OFF	3	REPEATER	
DIODE_BLOCK_OFF	4	REPEATER	
DIODE_BLOCK_OFF	5	REPEATER	
DIODE_BLOCK_OFF	6	REPEATER	
DIODE_BLOCK_OFF	7	REPEATER	
DIODE_BLOCK_OFF	8	REPEATER	
DIODE_BLOCK_OFF	9	REPEATER	
DIODE_BLOCK_OFF	10	REPEATER	
DIODE_BLOCK_OFF	11	REPEATER	
DIODE_BLOCK_OFF	12	REPEATER	
DIODE_BLOCK_OFF	13	REPEATER	
DIODE_BLOCK_OFF	14	REPEATER	
DIODE_BLOCK_OFF	15	REPEATER	
DIODE_BLOCK_ON	0	REPEATER	
DIODE_BLOCK_ON	1	REPEATER	
DIODE_BLOCK_ON	2	REPEATER	
DIODE_BLOCK_ON	3	REPEATER	
DIODE_BLOCK_ON	4	REPEATER	
DIODE_BLOCK_ON	5	REPEATER	
DIODE_BLOCK_ON	6	REPEATER	
DIODE_BLOCK_ON	7	REPEATER	
DIODE_BLOCK_ON	8	REPEATER	
DIODE_BLOCK_ON	9	REPEATER	
DIODE_BLOCK_ON	10	REPEATER	
DIODE_BLOCK_ON	11	REPEATER	
DIODE_BLOCK_ON	12	REPEATER	
DIODE_BLOCK_ON	13	REPEATER	
DIODE_BLOCK_ON	14	REPEATER	
DIODE_BLOCK_ON	15	REPEATER	
STAINED_GLASS	0	WHITE_STAINED_GLASS	WHITE_STAINED_GLASS
STAINED_GLASS	1	ORANGE_STAINED_GLASS	ORANGE_STAINED_GLASS
STAINED_GLASS	2	MAGENTA_STAINED_GLASS	MAGENTA_STAINED_GLASS
STAINED_GLASS	3	LIGHT_BLUE_STAINED_GLASS	LIGHT_BLUE_STAINED_GLASS
STAINED_GLASS	4	YELLOW_STAINED_GLASS	YELLOW_STAINED_GLASS
STAINED_GLASS	5	LIME_STAINED_GLASS	LIME_STAINED_GLASS
STAINED_GLASS	6	PINK_STAINED_GLASS	PINK_STAINED_GLASS
STAINED_GLASS	7	GRAY_STAINED_GLASS	GRAY_STAINED_GLASS
STAINED_GLASS	8	LIGHT_GRAY_STAINED_GLASS	LIGHT_GRAY_STAINED_GLASS
STAINED_GLASS	9	CYAN_STAINED_GLASS	CYAN_STAINED_GLASS
STAINED_GLASS	10	PURPLE_STAINED_GLASS	PURPLE_STAINED_GLASS
STAINED_GLASS	11	BLUE_STAINED_GLASS	BLUE_STAINED_GLASS
STAINED_GLASS	12	BROWN_STAINED_GLASS	BROWN_STAINED_GLASS
STAINED_GLASS	13	GREEN_STAINED_GLASS	GREEN_STAINED_GLASS
STAINED_GLASS	14	RED_STAINED_GLASS	RED_STAINED_GLASS
STAINED_GLASS	15	BLACK_STAINED_GLASS	BLACK_STAINED_GLASS
TRAP_DOOR	0	OAK_TRAPDOOR	OAK_TRAPDOOR
TRAP_DOOR	1	OAK_TRAPDOOR	OAK_TRAPDOOR
TRAP_DOOR	2	OAK_TRAPDOOR	OAK_TRAPDOOR
TRAP_DOOR	3	OAK_TRAPDOOR	OAK_TRAPDOOR
TRAP_DOOR	4	OAK_TRAPDOOR	OAK_TRAPDOOR
TRAP_DOOR	5	OAK_TRAPDOOR	OAK_TRAPDOOR
TRAP_DOOR	6	OAK_TRAPDOOR	OAK_TRAPDOOR
TRAP_DOOR	7	OAK_TRAPDOOR	OAK_TRAPDOOR
TRAP_DOOR	8	OAK_TRAPDOOR	OAK_TRAPDOOR
TRAP_DOOR	9	OAK_TRAPDOOR	OAK_TRAPDOOR
TRAP_DOOR	10	OAK_TRAPDOOR	OAK_TRAPDOOR
TRAP_DOOR	11	OAK_TRAPDOOR	OAK_TRAPDOOR
TRAP_DOOR	12	OAK_TRAPDOOR	OAK_TRAPDOOR
TRAP_DOOR	13	OAK_TRAPDOOR	OAK_TRAPDOOR
TRAP_DOOR	14	OAK_TRAPDOOR	OAK_TRAPDOOR
TRAP_DOOR	15	OAK_TRAPDOOR	OAK_TRAPDOOR
MONSTER_EGGS	0	INFESTED_STONE	INFESTED_STONE
MONSTER_EGGS	1	INFESTED_COBBLESTONE	INFESTED_COBBLESTONE
MONSTER_EGGS	2	INFESTED_STONE_BRICKS	INFESTED_STONE_BRICKS
MONSTER_EGGS	3	INFESTED_MOSSY_STONE_BRICKS	INFESTED_MOSSY_STONE_BRICKS
MONSTER_EGGS	4	INFESTED_CRACKED_STONE_BRICKS	INFESTED_CRACKED_STONE_BRICKS
MONSTER_EGGS	5	INFESTED_CHISELED_STONE_BRICKS	INFESTED_CHISELED_STONE_BRICKS
MONSTER_EGGS	6	INFESTED_STONE	INFESTED_STONE
MONSTER_EGGS	7	INFESTED_STONE	INFESTED_STONE
MONSTER_EGGS	8	INFESTED_STONE	INFESTED_STONE
MONSTER_EGGS	9	INFESTED_STONE	INFESTED_STONE
MONSTER_EGGS	10	INFESTED_STONE	INFESTED_STONE
MONSTER_EGGS	11	INFESTED_STONE	INFESTED_STONE
MONSTER_EGGS	12	INFESTED_STONE	INFESTED_STONE
MONSTER_EGGS	13	INFESTED_STONE	INFESTED_STONE
MONSTER_EGGS	14	INFESTED_STONE	INFESTED_STONE
MONSTER_EGGS	15	INFESTED_STONE	INFESTED_STONE
SMOOTH_BRICK	0	STONE_BRICKS	STONE_BRICKS
SMOOTH_BRICK	1	MOSSY_STONE_BRICKS	MOSSY_STONE_BRICKS
SMOOTH_BRICK	2	CRACKED_STONE_BRICKS	CRACKED_STONE_BRICKS
SMOOTH_BRICK	3	CHISELED_STONE_BRICKS	CHISELED_STONE_BRICKS
SMOOTH_BRICK	4	STONE_BRICKS	STONE_BRICKS
SMOOTH_BRICK	5	STONE_BRICKS	STONE_BRICKS
SMOOTH_BRICK	6	STONE_BRICKS	STONE_BRICKS
SMOOTH_BRICK	7	STONE_BRICKS	STONE_BRICKS
SMOOTH_BRICK	8	STONE_BRICKS	STONE_BRICKS
SMOOTH_BRICK	9	STONE_BRICKS	STONE_BRICKS
SMOOTH_BRICK	10	STONE_BRICKS	STONE_BRICKS
SMOOTH_BRICK	11	STONE_BRICKS	STONE_BRICKS
SMOOTH_BRICK	12	STONE_BRICKS	STONE_BRICKS
SMOOTH_BRICK	13	STONE_BRICKS	STONE_BRICKS
SMOOTH_BRICK	14	STONE_BRICKS	STONE_BRICKS
SMOOTH_BRICK	15	STONE_BRICKS	STONE_BRICKS
HUGE_MUSHROOM_1	0	BROWN_MUSHROOM_BLOCK	BROWN_MUSHROOM_BLOCK
HUGE_MUSHROOM_1	1	BROWN_MUSHROOM_BLOCK	BROWN_MUSHROOM_BLOCK
HUGE_MUSHROOM_1	2	BROWN_MUSHROOM_BLOCK	BROWN_MUSHROOM_BLOCK
HUGE_MUSHROOM_1	3	BROWN_MUSHROOM_BLOCK	BROWN_MUSHROOM_BLOCK
HUGE_MUSHROOM_1	4	BROWN_MUSHROOM_BLOCK	BROWN_MUSHROOM_BLOCK
HUGE_MUSHROOM_1	5	BROWN_MUSHROOM_BLOCK	BROWN_MUSHROOM_BLOCK
HUGE_MUSHROOM_1	6	BROWN_MUSHROOM_BLOCK	BROWN_MUSHROOM_BLOCK
HUGE_MUSHROOM_1	7	BROWN_MUSHROOM_BLOCK	BROWN_MUSHROOM_BLOCK
HUGE_MUSHROOM_1	8	BROWN_MUSHROOM_BLOCK	BROWN_MUSHROOM_BLOCK
HUGE_MUSHROOM_1	9	BROWN_MUSHROOM_BLOCK	BROWN_MUSHROOM_BLOCK
HUGE_MUSHROOM_1	10	MUSHROOM_STEM	BROWN_MUSHROOM_BLOCK
HUGE_MUSHROOM_1	11	BROWN_MUSHROOM_BLOCK	BROWN_MUSHROOM_BLOCK
HUGE_MUSHROOM_1	12	BROWN_MUSHROOM_BLOCK	BROWN_MUSHROOM_BLOCK
HUGE_MUSHROOM_1	13	BROWN_MUSHROOM_BLOCK	BROWN_MUSHROOM_BLOCK
HUGE_MUSHROOM_1	14	BROWN_MUSHROOM_BLOCK	BROWN_MUSHROOM_BLOCK
HUGE_MUSHROOM_1	15	MUSHROOM_STEM	BROWN_MUSHROOM_BLOCK
HUGE_MUSHROOM_2	0	RED_MUSHROOM_BLOCK	RED_MUSHROOM_BLOCK
HUGE_MUSHROOM_2	1	RED_MUSHROOM_BLOCK	RED_MUSHROOM_BLOCK
HUGE_MUSHROOM_2	2	RED_MUSHROOM_BLOCK	RED_MUSHROOM_BLOCK
HUGE_MUSHROOM_2	3	RED_MUSHROOM_BLOCK	RED_MUSHROOM_BLOCK
HUGE_MUSHROOM_2	4	RED_MUSHROOM_BLOCK	RED_MUSHROOM_BLOCK
HUGE_MUSHROOM_2	5	RED_MUSHROOM_BLOCK	RED_MUSHROOM_BLOCK
HUGE_MUSHROOM_2	6	RED_MUSHROOM_BLOCK	RED_MUSHROOM_BLOCK
HUGE_MUSHROOM_2	7	RED_MUSHROOM_BLOCK	RED_MUSHROOM_BLOCK
HUGE_MUSHROOM_2	8	RED_MUSHROOM_BLOCK	RED_MUSHROOM_BLOCK
HUGE_MUSHROOM_2	9	RED_MUSHROOM_BLOCK	RED_MUSHROOM_BLOCK
HUGE_MUSHROOM_2	10	MUSHROOM_STEM	RED_MUSHROOM_BLOCK
HUGE_MUSHROOM_2	11	RED_MUSHROOM_BLOCK	RED_MUSHROOM_BLOCK
HUGE_MUSHROOM_2	12	RED_MUSHROOM_BLOCK	RED_MUSHROOM_BLOCK
HUGE_MUSHROOM_2	13	RED_MUSHROOM_BLOCK	RED_MUSHROOM_BLOCK
HUGE_MUSHROOM_2	14	RED_MUSHROOM_BLOCK	RED_MUSHROOM_BLOCK
HUGE_MUSHROOM_2	15	MUSHROOM_STEM	RED_MUSHROOM_BLOCK
IRON_FENCE	0	IRON_BARS	IRON_BARS
IRON_FENCE	1	IRON_BARS	IRON_BARS
IRON_FENCE	2	IRON_BARS	IRON_BARS
IRON_FENCE	3	IRON_BARS	IRON_BARS
IRON_FENCE	4	IRON_BARS	IRON_BARS
IRON_FENCE	5	IRON_BARS	IRON_BARS
IRON_FENCE	6	IRON_BARS	IRON_BARS
IRON_FENCE	7	IRON_BARS	IRON_BARS
IRON_FENCE	8	IRON_BARS	IRON_BARS
IRON_FENCE	9	IRON_BARS	IRON_BARS
IRON_FENCE	10	IRON_BARS	IRON_BARS
IRON_FENCE	11	IRON_BARS	IRON_BARS
IRON_FENCE	12	IRON_BARS	IRON_BARS
IRON_FENCE	13	IRON_BARS	IRON_BARS
IRON_FENCE	14	IRON_BARS	IRON_BARS
IRON_FENCE	15	IRON_BARS	IRON_BARS
THIN_GLASS	0	GLASS_PANE	GLASS_PANE
THIN_GLASS	1	GLASS_PANE	GLASS_PANE
THIN_GLASS	2	GLASS_PANE	GLASS_PANE
THIN_GLASS	3	GLASS_PANE	GLASS_PANE
THIN_GLASS	4	GLASS_PANE	GLASS_PANE
THIN_GLASS	5	GLASS_PANE	GLASS_PANE
THIN_GLASS	6	GLASS_PANE	GLASS_PANE
THIN_GLASS	7	GLASS_PANE	GLASS_PANE
THIN_GLASS	8	GLASS_PANE	GLASS_PANE
THIN_GLASS	9	GLASS_PANE	GLASS_PANE
THIN_GLASS	10	GLASS_PANE	GLASS_PANE
THIN_GLASS	11	GLASS_PANE	GLASS_PANE
THIN_GLASS	12	GLASS_PANE	GLASS_PANE
THIN_GLASS	13	GLASS_PANE	GLASS_PANE
THIN_GLASS	14	GLASS_PANE	GLASS_PANE
THIN_GLASS	15	GLASS_PANE	GLASS_PANE
MELON_BLOCK	0	MELON	MELON
MELON_BLOCK	1	MELON	MELON
MELON_BLOCK	2	MELON	MELON
MELON_BLOCK	3	MELON	MELON
MELON_BLOCK	4	MELON	MELON
MELON_BLOCK	5	MELON	MELON
MELON_BLOCK	6	MELON	MELON
MELON_BLOCK	7	MELON	MELON
MELON_BLOCK	8	MELON	MELON
MELON_BLOCK	9	MELON	MELON
MELON_BLOCK	10	MELON	MELON
MELON_BLOCK	11	MELON	MELON
MELON_BLOCK	12	MELON	MELON
MELON_BLOCK	13	MELON	MELON
MELON_BLOCK	14	MELON	MELON
MELON_BLOCK	15	MELON	MELON
PUMPKIN_STEM	0	PUMPKIN_STEM	
PUMPKIN_STEM	1	PUMPKIN_STEM	
PUMPKIN_STEM	2	PUMPKIN_STEM	
PUMPKIN_STEM	3	PUMPKIN_STEM	
PUMPKIN_STEM	4	PUMPKIN_STEM	
PUMPKIN_STEM	5	PUMPKIN_STEM	
PUMPKIN_STEM	6	PUMPKIN_STEM	
PUMPKIN_STEM	7	PUMPKIN_STEM	
MELON_STEM	0	MELON_STEM	
MELON_STEM	1	MELON_STEM	
MELON_STEM	2	MELON_STEM	
MELON_STEM	3	MELON_STEM	
MELON_STEM	4	MELON_STEM	
MELON_STEM	5	MELON_STEM	
MELON_STEM	6	MELON_STEM	
MELON_STEM	7	MELON_STEM	
VINE	0	VINE	VINE
VINE	1	VINE	VINE
VINE	2	VINE	VINE
VINE	3	VINE	VINE
VINE	4	VINE	VINE
VINE	5	VINE	VINE
VINE	6	VINE	VINE
VINE	7	VINE	VINE
VINE	8	VINE	VINE
VINE	9	VINE	VINE
VINE	10	VINE	VINE
VINE	11	VINE	VINE
VINE	12	VINE	VINE
VINE	13	VINE	VINE
VINE	14	VINE	VINE
VINE	15	VINE	VINE
FENCE_GATE	0	OAK_FENCE_GATE	OAK_FENCE_GATE
FENCE_GATE	1	OAK_FENCE_GATE	OAK_FENCE_GATE
FENCE_GATE	2	OAK_FENCE_GATE	OAK_FENCE_GATE
FENCE_GATE	3	OAK_FENCE_GATE	OAK_FENCE_GATE
FENCE_GATE	4	OAK_FENCE_GATE	OAK_FENCE_GATE
FENCE_GATE	5	OAK_FENCE_GATE	OAK_FENCE_GATE
FENCE_GATE	6	OAK_FENCE_GATE	OAK_FENCE_GATE
FENCE_GATE	7	OAK_FENCE_GATE	OAK_FENCE_GATE
FENCE_GATE	8	OAK_FENCE_GATE	OAK_FENCE_GATE
FENCE_GATE	9	OAK_FENCE_GATE	OAK_FENCE_GATE
FENCE_GATE	10	OAK_FENCE_GATE	OAK_FENCE_GATE
FENCE_GATE	11	OAK_FENCE_GATE	OAK_FENCE_GATE
FENCE_GATE	12	OAK_FENCE_GATE	OAK_FENCE_GATE
FENCE_GATE	13	OAK_FENCE_GATE	OAK_FENCE_GATE
FENCE_GATE	14	OAK_FENCE_GATE	OAK_FENCE_GATE
FENCE_GATE	15	OAK_FENCE_GATE	OAK_FENCE_GATE
BRICK_STAIRS	0	BRICK_STAIRS	BRICK_STAIRS
BRICK_STAIRS	1	BRICK_STAIRS	BRICK_STAIRS
BRICK_STAIRS	2	BRICK_STAIRS	BRICK_STAIRS
BRICK_STAIRS	3	BRICK_STAIRS	BRICK_STAIRS
BRICK_STAIRS	4	BRICK_STAIRS	BRICK_STAIRS
BRICK_STAIRS	5	BRICK_STAIRS	BRICK_STAIRS
BRICK_STAIRS	6	BRICK_STAIRS	BRICK_STAIRS
BRICK_STAIRS	7	BRICK_STAIRS	BRICK_STAIRS
BRICK_STAIRS	8	BRICK_STAIRS	BRICK_STAIRS
BRICK_STAIRS	9	BRICK_STAIRS	BRICK_STAIRS
BRICK_STAIRS	10	BRICK_STAIRS	BRICK_STAIRS
BRICK_STAIRS	11	BRICK_STAIRS	BRICK_STAIRS
BRICK_STAIRS	12	BRICK_STAIRS	BRICK_STAIRS
BRICK_STAIRS	13	BRICK_STAIRS	BRICK_STAIRS
BRICK_STAIRS	14	BRICK_STAIRS	BRICK_STAIRS
BRICK_STAIRS	15	BRICK_STAIRS	BRICK_STAIRS
SMOOTH_STAIRS	0	STONE_BRICK_STAIRS	STONE_BRICK_STAIRS
SMOOTH_STAIRS	1	STONE_BRICK_STAIRS	STONE_BRICK_STAIRS
SMOOTH_STAIRS	2	STONE_BRICK_STAIRS	STONE_BRICK_STAIRS
SMOOTH_STAIRS	3	STONE_BRICK_STAIRS	STONE_BRICK_STAIRS
SMOOTH_STAIRS	4	STONE_BRICK_STAIRS	STONE_BRICK_STAIRS
SMOOTH_STAIRS	5	STONE_BRICK_STAIRS	STONE_BRICK_STAIRS
SMOOTH_STAIRS	6	STONE_BRICK_STAIRS	STONE_BRICK_STAIRS
SMOOTH_STAIRS	7	STONE_BRICK_STAIRS	STONE_BRICK_STAIRS
SMOOTH_STAIRS	8	STONE_BRICK_STAIRS	STONE_BRICK_STAIRS
SMOOTH_STAIRS	9	STONE_BRICK_STAIRS	STONE_BRICK_STAIRS
SMOOTH_STAIRS	10	STONE_BRICK_STAIRS	STONE_BRICK_STAIRS
SMOOTH_STAIRS	11	STONE_BRICK_STAIRS	STONE_BRICK_STAIRS
SMOOTH_STAIRS	12	STONE_BRICK_STAIRS	STONE_BRICK_STAIRS
SMOOTH_STAIRS	13	STONE_BRICK_STAIRS	STONE_BRICK_STAIRS
SMOOTH_STAIRS	14	STONE_BRICK_STAIRS	STONE_BRICK_STAIRS
SMOOTH_STAIRS	15	STONE_BRICK_STAIRS	STONE_BRICK_STAIRS
MYCEL	0	MYCELIUM	MYCELIUM
MYCEL	1	MYCELIUM	MYCELIUM
MYCEL	2	MYCELIUM	MYCELIUM
MYCEL	3	MYCELIUM	MYCELIUM
MYCEL	4	MYCELIUM	MYCELIUM
MYCEL	5	MYCELIUM	MYCELIUM
MYCEL	6	MYCELIUM	MYCELIUM
MYCEL	7	MYCELIUM	MYCELIUM
MYCEL	8	MYCELIUM	MYCELIUM
MYCEL	9	MYCELIUM	MYCELIUM
MYCEL	10	MYCELIUM	MYCELIUM
MYCEL	11	MYCELIUM	MYCELIUM
MYCEL	12	MYCELIUM	MYCELIUM
MYCEL	13	MYCELIUM	MYCELIUM
MYCEL	14	MYCELIUM	MYCELIUM
MYCEL	15	MYCELIUM	MYCELIUM
WATER_LILY	0	LILY_PAD	LILY_PAD
WATER_LILY	1	LILY_PAD	LILY_PAD
WATER_LILY	2	LILY_PAD	LILY_PAD
WATER_LILY	3	LILY_PAD	LILY_PAD
WATER_LILY	4	LILY_PAD	LILY_PAD
WATER_LILY	5	LILY_PAD	LILY_PAD
WATER_LILY	6	LILY_PAD	LILY_PAD
WATER_LILY	7	LILY_PAD	LILY_PAD
WATER_LILY	8	LILY_PAD	LILY_PAD
WATER_LILY	9	LILY_PAD	LILY_PAD
WATER_LILY	10	LILY_PAD	LILY_PAD
WATER_LILY	11	LILY_PAD	LILY_PAD
WATER_LILY	12	LILY_PAD	LILY_PAD
WATER_LILY	13	LILY_PAD	LILY_PAD
WATER_LILY	14	LILY_PAD	LILY_PAD
WATER_LILY	15	LILY_PAD	LILY_PAD
NETHER_BRICK	0	NETHER_BRICKS	NETHER_BRICKS
NETHER_BRICK	1	NETHER_BRICKS	NETHER_BRICKS
NETHER_BRICK	2	NETHER_BRICKS	NETHER_BRICKS
NETHER_BRICK	3	NETHER_BRICKS	NETHER_BRICKS
NETHER_BRICK	4	NETHER_BRICKS	NETHER_BRICKS
NETHER_BRICK	5	NETHER_BRICKS	NETHER_BRICKS
NETHER_BRICK	6	NETHER_BRICKS	NETHER_BRICKS
NETHER_BRICK	7	NETHER_BRICKS	NETHER_BRICKS
NETHER_BRICK	8	NETHER_BRICKS	NETHER_BRICKS
NETHER_BRICK	9	NETHER_BRICKS	NETHER_BRICKS
NETHER_BRICK	10	NETHER_BRICKS	NETHER_BRICKS
NETHER_BRICK	11	NETHER_BRICKS	NETHER_BRICKS
NETHER_BRICK	12	NETHER_BRICKS	NETHER_BRICKS
NETHER_BRICK	13	NETHER_BRICKS	NETHER_BRICKS
NETHER_BRICK	14	NETHER_BRICKS	NETHER_BRICKS
NETHER_BRICK	15	NETHER_BRICKS	NETHER_BRICKS
NETHER_FENCE	0	NETHER_BRICK_FENCE	NETHER_BRICK_FENCE
NETHER_FENCE	1	NETHER_BRICK_FENCE	NETHER_BRICK_FENCE
NETHER_FENCE	2	NETHER_BRICK_FENCE	NETHER_BRICK_FENCE
NETHER_FENCE	3	NETHER_BRICK_FENCE	NETHER_BRICK_FENCE
NETHER_FENCE	4	NETHER_BRICK_FENCE	NETHER_BRICK_FENCE
NETHER_FENCE	5	NETHER_BRICK_FENCE	NETHER_BRICK_FENCE
NETHER_FENCE	6	NETHER_BRICK_FENCE	NETHER_BRICK_FENCE
NETHER_FENCE	7	NETHER_BRICK_FENCE	NETHER_BRICK_FENCE
NETHER_FENCE	8	NETHER_BRICK_FENCE	NETHER_BRICK_FENCE
NETHER_FENCE	9	NETHER_BRICK_FENCE	NETHER_BRICK_FENCE
NETHER_FENCE	10	NETHER_BRICK_FENCE	NETHER_BRICK_FENCE
NETHER_FENCE	11	NETHER_BRICK_FENCE	NETHER_BRICK_FENCE
NETHER_FENCE	12	NETHER_BRICK_FENCE	NETHER_BRICK_FENCE
NETHER_FENCE	13	NETHER_BRICK_FENCE	NETHER_BRICK_FENCE
NETHER_FENCE	14	NETHER_BRICK_FENCE	NETHER_BRICK_FENCE
NETHER_FENCE	15	NETHER_BRICK_FENCE	NETHER_BRICK_FENCE
NETHER_BRICK_STAIRS	0	NETHER_BRICK_STAIRS	NETHER_BRICK_STAIRS
NETHER_BRICK_STAIRS	1	NETHER_BRICK_STAIRS	NETHER_BRICK_STAIRS
NETHER_BRICK_STAIRS	2	NETHER_BRICK_STAIRS	NETHER_BRICK_STAIRS
NETHER_BRICK_STAIRS	3	NETHER_BRICK_STAIRS	NETHER_BRICK_STAIRS
NETHER_BRICK_STAIRS	4	NETHER_BRICK_STAIRS	NETHER_BRICK_STAIRS
NETHER_BRICK_STAIRS	5	NETHER_BRICK_STAIRS	NETHER_BRICK_STAIRS
NETHER_BRICK_STAIRS	6	NETHER_BRICK_STAIRS	NETHER_BRICK_STAIRS
NETHER_BRICK_STAIRS	7	NETHER_BRICK_STAIRS	NETHER_BRICK_STAIRS
NETHER_BRICK_STAIRS	8	NETHER_BRICK_STAIRS	NETHER_BRICK_STAIRS
NETHER_BRICK_STAIRS	9	NETHER_BRICK_STAIRS	NETHER_BRICK_STAIRS
NETHER_BRICK_STAIRS	10	NETHER_BRICK_STAIRS	NETHER_BRICK_STAIRS
NETHER_BRICK_STAIRS	11	NETHER_BRICK_STAIRS	NETHER_BRICK_STAIRS
NETHER_BRICK_STAIRS	12	NETHER_BRICK_STAIRS	NETHER_BRICK_STAIRS
NETHER_BRICK_STAIRS	13	NETHER_BRICK_STAIRS	NETHER_BRICK_STAIRS
NETHER_BRICK_STAIRS	14	NETHER_BRICK_STAIRS	NETHER_BRICK_STAIRS
NETHER_BRICK_STAIRS	15	NETHER_BRICK_STAIRS	NETHER_BRICK_STAIRS
NETHER_WARTS	0	NETHER_WART	
NETHER_WARTS	1	NETHER_WART	
NETHER_WARTS	2	NETHER_WART	
NETHER_WARTS	3	NETHER_WART	
ENCHANTMENT_TABLE	0	ENCHANTING_TABLE	ENCHANTING_TABLE
ENCHANTMENT_TABLE	1	ENCHANTING_TABLE	ENCHANTING_TABLE
ENCHANTMENT_TABLE	2	ENCHANTING_TABLE	ENCHANTING_TABLE
ENCHANTMENT_TABLE	3	ENCHANTING_TABLE	ENCHANTING_TABLE
ENCHANTMENT_TABLE	4	ENCHANTING_TABLE	ENCHANTING_TABLE
ENCHANTMENT_TABLE	5	ENCHANTING_TABLE	ENCHANTING_TABLE
ENCHANTMENT_TABLE	6	ENCHANTING_TABLE	ENCHANTING_TABLE
ENCHANTMENT_TABLE	7	ENCHANTING_TABLE	ENCHANTING_TABLE
ENCHANTMENT_TABLE	8	ENCHANTING_TABLE	ENCHANTING_TABLE
ENCHANTMENT_TABLE	9	ENCHANTING_TABLE	ENCHANTING_TABLE
ENCHANTMENT_TABLE	10	ENCHANTING_TABLE	ENCHANTING_TABLE
ENCHANTMENT_TABLE	11	ENCHANTING_TABLE	ENCHANTING_TABLE
ENCHANTMENT_TABLE	12	ENCHANTING_TABLE	ENCHANTING_TABLE
ENCHANTMENT_TABLE	13	ENCHANTING_TABLE	ENCHANTING_TABLE
ENCHANTMENT_TABLE	14	ENCHANTING_TABLE	ENCHANTING_TABLE
ENCHANTMENT_TABLE	15	ENCHANTING_TABLE	ENCHANTING_TABLE
BREWING_STAND	0	BREWING_STAND	
BREWING_STAND	1	BREWING_STAND	
BREWING_STAND	2	BREWING_STAND	
BREWING_STAND	3	BREWING_STAND	
BREWING_STAND	4	BREWING_STAND	
BREWING_STAND	5	BREWING_STAND	
BREWING_STAND	6	BREWING_STAND	
BREWING_STAND	7	BREWING_STAND	
CAULDRON	0	CAULDRON	
CAULDRON	1	CAULDRON	
CAULDRON	2	CAULDRON	
CAULDRON	3	CAULDRON	
ENDER_PORTAL	0	END_PORTAL	
ENDER_PORTAL_FRAME	0	END_PORTAL_FRAME	END_PORTAL_FRAME
ENDER_PORTAL_FRAME	1	END_PORTAL_FRAME	END_PORTAL_FRAME
ENDER_PORTAL_FRAME	2	END_PORTAL_FRAME	END_PORTAL_FRAME
ENDER_PORTAL_FRAME	3	END_PORTAL_FRAME	END_PORTAL_FRAME
ENDER_PORTAL_FRAME	4	END_PORTAL_FRAME	END_PORTAL_FRAME
ENDER_PORTAL_FRAME	5	END_PORTAL_FRAME	END_PORTAL_FRAME
ENDER_PORTAL_FRAME	6	END_PORTAL_FRAME	END_PORTAL_FRAME
ENDER_PORTAL_FRAME	7	END_PORTAL_FRAME	END_PORTAL_FRAME
ENDER_PORTAL_FRAME	8	END_PORTAL_FRAME	END_PORTAL_FRAME
ENDER_PORTAL_FRAME	9	END_PORTAL_FRAME	END_PORTAL_FRAME
ENDER_PORTAL_FRAME	10	END_PORTAL_FRAME	END_PORTAL_FRAME
ENDER_PORTAL_FRAME	11	END_PORTAL_FRAME	END_PORTAL_FRAME
ENDER_PORTAL_FRAME	12	END_PORTAL_FRAME	END_PORTAL_FRAME
ENDER_PORTAL_FRAME	13	END_PORTAL_FRAME	END_PORTAL_FRAME
ENDER_PORTAL_FRAME	14	END_PORTAL_FRAME	END_PORTAL_FRAME
ENDER_PORTAL_FRAME	15	END_PORTAL_FRAME	END_PORTAL_FRAME
ENDER_STONE	0	END_STONE	END_STONE
ENDER_STONE	1	END_STONE	END_STONE
ENDER_STONE	2	END_STONE	END_STONE
ENDER_STONE	3	END_STONE	END_STONE
ENDER_STONE	4	END_STONE	END_STONE
ENDER_STONE	5	END_STONE	END_STONE
ENDER_STONE	6	END_STONE	END_STONE
ENDER_STONE	7	END_STONE	END_STONE
ENDER_STONE	8	END_STONE	END_STONE
ENDER_STONE	9	END_STONE	END_STONE
ENDER_STONE	10	END_STONE	END_STONE
ENDER_STONE	11	END_STONE	END_STONE
ENDER_STONE	12	END_STONE	END_STONE
ENDER_STONE	13	END_STONE	END_STONE
ENDER_STONE	14	END_STONE	END_STONE
ENDER_STONE	15	END_STONE	END_STONE
DRAGON_EGG	0	DRAGON_EGG	DRAGON_EGG
DRAGON_EGG	1	DRAGON_EGG	DRAGON_EGG
DRAGON_EGG	2	DRAGON_EGG	DRAGON_EGG
DRAGON_EGG	3	DRAGON_EGG	DRAGON_EGG
DRAGON_EGG	4	DRAGON_EGG	DRAGON_EGG
DRAGON_EGG	5	DRAGON_EGG	DRAGON_EGG
DRAGON_EGG	6	DRAGON_EGG	DRAGON_EGG
DRAGON_EGG	7	DRAGON_EGG	DRAGON_EGG
DRAGON_EGG	8	DRAGON_EGG	DRAGON_EGG
DRAGON_EGG	9	DRAGON_EGG	DRAGON_EGG
DRAGON_EGG	10	DRAGON_EGG	DRAGON_EGG
DRAGON_EGG	11	DRAGON_EGG	DRAGON_EGG
DRAGON_EGG	12	DRAGON_EGG	DRAGON_EGG
DRAGON_EGG	13	DRAGON_EGG	DRAGON_EGG
DRAGON_EGG	14	DRAGON_EGG	DRAGON_EGG
DRAGON_EGG	15	DRAGON_EGG	DRAGON_EGG
REDSTONE_LAMP_OFF	0	REDSTONE_LAMP	REDSTONE_LAMP
REDSTONE_LAMP_OFF	1	REDSTONE_LAMP	REDSTONE_LAMP
REDSTONE_LAMP_OFF	2	REDSTONE_LAMP	REDSTONE_LAMP
REDSTONE_LAMP_OFF	3	REDSTONE_LAMP	REDSTONE_LAMP
REDSTONE_LAMP_OFF	4	REDSTONE_LAMP	REDSTONE_LAMP
REDSTONE_LAMP_OFF	5	REDSTONE_LAMP	REDSTONE_LAMP
REDSTONE_LAMP_OFF	6	REDSTONE_LAMP	REDSTONE_LAMP
REDSTONE_LAMP_OFF	7	REDSTONE_LAMP	REDSTONE_LAMP
REDSTONE_LAMP_OFF	8	REDSTONE_LAMP	REDSTONE_LAMP
REDSTONE_LAMP_OFF	9	REDSTONE_LAMP	REDSTONE_LAMP
REDSTONE_LAMP_OFF	10	REDSTONE_LAMP	REDSTONE_LAMP
REDSTONE_LAMP_OFF	11	REDSTONE_LAMP	REDSTONE_LAMP
REDSTONE_LAMP_OFF	12	REDSTONE_LAMP	REDSTONE_LAMP
REDSTONE_LAMP_OFF	13	REDSTONE_LAMP	REDSTONE_LAMP
REDSTONE_LAMP_OFF	14	REDSTONE_LAMP	REDSTONE_LAMP
REDSTONE_LAMP_OFF	15	REDSTONE_LAMP	REDSTONE_LAMP
REDSTONE_LAMP_ON	0	REDSTONE_LAMP	
WOOD_DOUBLE_STEP	0	OAK_SLAB	
WOOD_DOUBLE_STEP	1	SPRUCE_SLAB	
WOOD_DOUBLE_STEP	2	BIRCH_SLAB	
WOOD_DOUBLE_STEP	3	JUNGLE_SLAB	
WOOD_DOUBLE_STEP	4	ACACIA_SLAB	
WOOD_DOUBLE_STEP	5	DARK_OAK_SLAB	
WOOD_STEP	0	OAK_SLAB	OAK_SLAB
WOOD_STEP	1	SPRUCE_SLAB	SPRUCE_SLAB
WOOD_STEP	2	BIRCH_SLAB	BIRCH_SLAB
WOOD_STEP	3	JUNGLE_SLAB	JUNGLE_SLAB
WOOD_STEP	4	ACACIA_SLAB	ACACIA_SLAB
WOOD_STEP	5	DARK_OAK_SLAB	DARK_OAK_SLAB
WOOD_STEP	6	OAK_SLAB	OAK_SLAB
WOOD_STEP	7	OAK_SLAB	OAK_SLAB
WOOD_STEP	8	OAK_SLAB	OAK_SLAB
WOOD_STEP	9	SPRUCE_SLAB	OAK_SLAB
WOOD_STEP	10	BIRCH_SLAB	OAK_SLAB
WOOD_STEP	11	JUNGLE_SLAB	OAK_SLAB
WOOD_STEP	12	ACACIA_SLAB	OAK_SLAB
WOOD_STEP	13	DARK_OAK_SLAB	OAK_SLAB
WOOD_STEP	14	OAK_SLAB	OAK_SLAB
WOOD_STEP	15	OAK_SLAB	OAK_SLAB
COCOA	0	COCOA	
COCOA	1	COCOA	
COCOA	2	COCOA	
COCOA	3	COCOA	
COCOA	4	COCOA	
COCOA	5	COCOA	
COCOA	6	COCOA	
COCOA	7	COCOA	
COCOA	8	COCOA	
COCOA	9	COCOA	
COCOA	10	COCOA	
COCOA	11	COCOA	
SANDSTONE_STAIRS	0	SANDSTONE_STAIRS	SANDSTONE_STAIRS
SANDSTONE_STAIRS	1	SANDSTONE_STAIRS	SANDSTONE_STAIRS
SANDSTONE_STAIRS	2	SANDSTONE_STAIRS	SANDSTONE_STAIRS
SANDSTONE_STAIRS	3	SANDSTONE_STAIRS	SANDSTONE_STAIRS
SANDSTONE_STAIRS	4	SANDSTONE_STAIRS	SANDSTONE_STAIRS
SANDSTONE_STAIRS	5	SANDSTONE_STAIRS	SANDSTONE_STAIRS
SANDSTONE_STAIRS	6	SANDSTONE_STAIRS	SANDSTONE_STAIRS
SANDSTONE_STAIRS	7	SANDSTONE_STAIRS	SANDSTONE_STAIRS
SANDSTONE_STAIRS	8	SANDSTONE_STAIRS	SANDSTONE_STAIRS
SANDSTONE_STAIRS	9	SANDSTONE_STAIRS	SANDSTONE_STAIRS
SANDSTONE_STAIRS	10	SANDSTONE_STAIRS	SANDSTONE_STAIRS
SANDSTONE_STAIRS	11	SANDSTONE_STAIRS	SANDSTONE_STAIRS
SANDSTONE_STAIRS	12	SANDSTONE_STAIRS	SANDSTONE_STAIRS
SANDSTONE_STAIRS	13	SANDSTONE_STAIRS	SANDSTONE_STAIRS
SANDSTONE_STAIRS	14	SANDSTONE_STAIRS	SANDSTONE_STAIRS
SANDSTONE_STAIRS	15	SANDSTONE_STAIRS	SANDSTONE_STAIRS
EMERALD_ORE	0	EMERALD_ORE	EMERALD_ORE
EMERALD_ORE	1	EMERALD_ORE	EMERALD_ORE
EMERALD_ORE	2	EMERALD_ORE	EMERALD_ORE
EMERALD_ORE	3	EMERALD_ORE	EMERALD_ORE
EMERALD_ORE	4	EMERALD_ORE	EMERALD_ORE
EMERALD_ORE	5	EMERALD_ORE	EMERALD_ORE
EMERALD_ORE	6	EMERALD_ORE	EMERALD_ORE
EMERALD_ORE	7	EMERALD_ORE	EMERALD_ORE
EMERALD_ORE	8	EMERALD_ORE	EMERALD_ORE
EMERALD_ORE	9	EMERALD_ORE	EMERALD_ORE
EMERALD_ORE	10	EMERALD_ORE	EMERALD_ORE
EMERALD_ORE	11	EMERALD_ORE	EMERALD_ORE
EMERALD_ORE	12	EMERALD_ORE	EMERALD_ORE
EMERALD_ORE	13	EMERALD_ORE	EMERALD_ORE
EMERALD_ORE	14	EMERALD_ORE	EMERALD_ORE
EMERALD_ORE	15	EMERALD_ORE	EMERALD_ORE
ENDER_CHEST	0	ENDER_CHEST	ENDER_CHEST
ENDER_CHEST	1	ENDER_CHEST	ENDER_CHEST
ENDER_CHEST	2	ENDER_CHEST	ENDER_CHEST
ENDER_CHEST	3	ENDER_CHEST	ENDER_CHEST
ENDER_CHEST	4	ENDER_CHEST	ENDER_CHEST
ENDER_CHEST	5	ENDER_CHEST	ENDER_CHEST
ENDER_CHEST	6	ENDER_CHEST	ENDER_CHEST
ENDER_CHEST	7	ENDER_CHEST	ENDER_CHEST
ENDER_CHEST	8	ENDER_CHEST	ENDER_CHEST
ENDER_CHEST	9	ENDER_CHEST	ENDER_CHEST
ENDER_CHEST	10	ENDER_CHEST	ENDER_CHEST
ENDER_CHEST	11	ENDER_CHEST	ENDER_CHEST
ENDER_CHEST	12	ENDER_CHEST	ENDER_CHEST
ENDER_CHEST	13	ENDER_CHEST	ENDER_CHEST
ENDER_CHEST	14	ENDER_CHEST	ENDER_CHEST
ENDER_CHEST	15	ENDER_CHEST	ENDER_CHEST
TRIPWIRE_HOOK	0	TRIPWIRE_HOOK	TRIPWIRE_HOOK
TRIPWIRE_HOOK	1	TRIPWIRE_HOOK	TRIPWIRE_HOOK
TRIPWIRE_HOOK	2	TRIPWIRE_HOOK	TRIPWIRE_HOOK
TRIPWIRE_HOOK	3	TRIPWIRE_HOOK	TRIPWIRE_HOOK
TRIPWIRE_HOOK	4	TRIPWIRE_HOOK	TRIPWIRE_HOOK
TRIPWIRE_HOOK	5	TRIPWIRE_HOOK	TRIPWIRE_HOOK
TRIPWIRE_HOOK	6	TRIPWIRE_HOOK	TRIPWIRE_HOOK
TRIPWIRE_HOOK	7	TRIPWIRE_HOOK	TRIPWIRE_HOOK
TRIPWIRE_HOOK	8	TRIPWIRE_HOOK	TRIPWIRE_HOOK
TRIPWIRE_HOOK	9	TRIPWIRE_HOOK	TRIPWIRE_HOOK
TRIPWIRE_HOOK	10	TRIPWIRE_HOOK	TRIPWIRE_HOOK
TRIPWIRE_HOOK	11	TRIPWIRE_HOOK	TRIPWIRE_HOOK
TRIPWIRE_HOOK	12	TRIPWIRE_HOOK	TRIPWIRE_HOOK
TRIPWIRE_HOOK	13	TRIPWIRE_HOOK	TRIPWIRE_HOOK
TRIPWIRE_HOOK	14	TRIPWIRE_HOOK	TRIPWIRE_HOOK
TRIPWIRE_HOOK	15	TRIPWIRE_HOOK	TRIPWIRE_HOOK
TRIPWIRE	0	TRIPWIRE	
TRIPWIRE	1	TRIPWIRE	
TRIPWIRE	2	TRIPWIRE	
TRIPWIRE	3	TRIPWIRE	
TRIPWIRE	4	TRIPWIRE	
TRIPWIRE	5	TRIPWIRE	
TRIPWIRE	6	TRIPWIRE	
TRIPWIRE	7	TRIPWIRE	
TRIPWIRE	8	TRIPWIRE	
TRIPWIRE	9	TRIPWIRE	
TRIPWIRE	10	TRIPWIRE	
TRIPWIRE	11	TRIPWIRE	
TRIPWIRE	12	TRIPWIRE	
TRIPWIRE	13	TRIPWIRE	
TRIPWIRE	14	TRIPWIRE	
EMERALD_BLOCK	0	EMERALD_BLOCK	EMERALD_BLOCK
EMERALD_BLOCK	1	EMERALD_BLOCK	EMERALD_BLOCK
EMERALD_BLOCK	2	EMERALD_BLOCK	EMERALD_BLOCK
EMERALD_BLOCK	3	EMERALD_BLOCK	EMERALD_BLOCK
EMERALD_BLOCK	4	EMERALD_BLOCK	EMERALD_BLOCK
EMERALD_BLOCK	5	EMERALD_BLOCK	EMERALD_BLOCK
EMERALD_BLOCK	6	EMERALD_BLOCK	EMERALD_BLOCK
EMERALD_BLOCK	7	EMERALD_BLOCK	EMERALD_BLOCK
EMERALD_BLOCK	8	EMERALD_BLOCK	EMERALD_BLOCK
EMERALD_BLOCK	9	EMERALD_BLOCK	EMERALD_BLOCK
EMERALD_BLOCK	10	EMERALD_BLOCK	EMERALD_BLOCK
EMERALD_BLOCK	11	EMERALD_BLOCK	EMERALD_BLOCK
EMERALD_BLOCK	12	EMERALD_BLOCK	EMERALD_BLOCK
EMERALD_BLOCK	13	EMERALD_BLOCK	EMERALD_BLOCK
EMERALD_BLOCK	14	EMERALD_BLOCK	EMERALD_BLOCK
EMERALD_BLOCK	15	EMERALD_BLOCK	EMERALD_BLOCK
SPRUCE_WOOD_STAIRS	0	SPRUCE_STAIRS	SPRUCE_STAIRS
SPRUCE_WOOD_STAIRS	1	SPRUCE_STAIRS	SPRUCE_STAIRS
SPRUCE_WOOD_STAIRS	2	SPRUCE_STAIRS	SPRUCE_STAIRS
SPRUCE_WOOD_STAIRS	3	SPRUCE_STAIRS	SPRUCE_STAIRS
SPRUCE_WOOD_STAIRS	4	SPRUCE_STAIRS	SPRUCE_STAIRS
SPRUCE_WOOD_STAIRS	5	SPRUCE_STAIRS	SPRUCE_STAIRS
SPRUCE_WOOD_STAIRS	6	SPRUCE_STAIRS	SPRUCE_STAIRS
SPRUCE_WOOD_STAIRS	7	SPRUCE_STAIRS	SPRUCE_STAIRS
SPRUCE_WOOD_STAIRS	8	SPRUCE_STAIRS	SPRUCE_STAIRS
SPRUCE_WOOD_STAIRS	9	SPRUCE_STAIRS	SPRUCE_STAIRS
SPRUCE_WOOD_STAIRS	10	SPRUCE_STAIRS	SPRUCE_STAIRS
SPRUCE_WOOD_STAIRS	11	SPRUCE_STAIRS	SPRUCE_STAIRS
SPRUCE_WOOD_STAIRS	12	SPRUCE_STAIRS	SPRUCE_STAIRS
SPRUCE_WOOD_STAIRS	13	SPRUCE_STAIRS	SPRUCE_STAIRS
SPRUCE_WOOD_STAIRS	14	SPRUCE_STAIRS	SPRUCE_STAIRS
SPRUCE_WOOD_STAIRS	15	SPRUCE_STAIRS	SPRUCE_STAIRS
BIRCH_WOOD_STAIRS	0	BIRCH_STAIRS	BIRCH_STAIRS
BIRCH_WOOD_STAIRS	1	BIRCH_STAIRS	BIRCH_STAIRS
BIRCH_WOOD_STAIRS	2	BIRCH_STAIRS	BIRCH_STAIRS
BIRCH_WOOD_STAIRS	3	BIRCH_STAIRS	BIRCH_STAIRS
BIRCH_WOOD_STAIRS	4	BIRCH_STAIRS	BIRCH_STAIRS
BIRCH_WOOD_STAIRS	5	BIRCH_STAIRS	BIRCH_STAIRS
BIRCH_WOOD_STAIRS	6	BIRCH_STAIRS	BIRCH_STAIRS
BIRCH_WOOD_STAIRS	7	BIRCH_STAIRS	BIRCH_STAIRS
BIRCH_WOOD_STAIRS	8	BIRCH_STAIRS	BIRCH_STAIRS
BIRCH_WOOD_STAIRS	9	BIRCH_STAIRS	BIRCH_STAIRS
BIRCH_WOOD_STAIRS	10	BIRCH_STAIRS	BIRCH_STAIRS
BIRCH_WOOD_STAIRS	11	BIRCH_STAIRS	BIRCH_STAIRS
BIRCH_WOOD_STAIRS	12	BIRCH_STAIRS	BIRCH_STAIRS
BIRCH_WOOD_STAIRS	13	BIRCH_STAIRS	BIRCH_STAIRS
BIRCH_WOOD_STAIRS	14	BIRCH_STAIRS	BIRCH_STAIRS
BIRCH_WOOD_STAIRS	15	BIRCH_STAIRS	BIRCH_STAIRS
JUNGLE_WOOD_STAIRS	0	JUNGLE_STAIRS	JUNGLE_STAIRS
JUNGLE_WOOD_STAIRS	1	JUNGLE_STAIRS	JUNGLE_STAIRS
JUNGLE_WOOD_STAIRS	2	JUNGLE_STAIRS	JUNGLE_STAIRS
JUNGLE_WOOD_STAIRS	3	JUNGLE_STAIRS	JUNGLE_STAIRS
JUNGLE_WOOD_STAIRS	4	JUNGLE_STAIRS	JUNGLE_STAIRS
JUNGLE_WOOD_STAIRS	5	JUNGLE_STAIRS	JUNGLE_STAIRS
JUNGLE_WOOD_STAIRS	6	JUNGLE_STAIRS	JUNGLE_STAIRS
JUNGLE_WOOD_STAIRS	7	JUNGLE_STAIRS	JUNGLE_STAIRS
JUNGLE_WOOD_STAIRS	8	JUNGLE_STAIRS	JUNGLE_STAIRS
JUNGLE_WOOD_STAIRS	9	JUNGLE_STAIRS	JUNGLE_STAIRS
JUNGLE_WOOD_STAIRS	10	JUNGLE_STAIRS	JUNGLE_STAIRS
JUNGLE_WOOD_STAIRS	11	JUNGLE_STAIRS	JUNGLE_STAIRS
JUNGLE_WOOD_STAIRS	12	JUNGLE_STAIRS	JUNGLE_STAIRS
JUNGLE_WOOD_STAIRS	13	JUNGLE_STAIRS	JUNGLE_STAIRS
JUNGLE_WOOD_STAIRS	14	JUNGLE_STAIRS	JUNGLE_STAIRS
JUNGLE_WOOD_STAIRS	15	JUNGLE_STAIRS	JUNGLE_STAIRS
COMMAND	0	COMMAND_BLOCK	COMMAND_BLOCK
COMMAND	1	COMMAND_BLOCK	COMMAND_BLOCK
COMMAND	2	COMMAND_BLOCK	COMMAND_BLOCK
COMMAND	3	COMMAND_BLOCK	COMMAND_BLOCK
COMMAND	4	COMMAND_BLOCK	COMMAND_BLOCK
COMMAND	5	COMMAND_BLOCK	COMMAND_BLOCK
COMMAND	6	COMMAND_BLOCK	COMMAND_BLOCK
COMMAND	7	COMMAND_BLOCK	COMMAND_BLOCK
COMMAND	8	COMMAND_BLOCK	COMMAND_BLOCK
COMMAND	9	COMMAND_BLOCK	COMMAND_BLOCK
COMMAND	10	COMMAND_BLOCK	COMMAND_BLOCK
COMMAND	11	COMMAND_BLOCK	COMMAND_BLOCK
COMMAND	12	COMMAND_BLOCK	COMMAND_BLOCK
COMMAND	13	COMMAND_BLOCK	COMMAND_BLOCK
COMMAND	14	COMMAND_BLOCK	COMMAND_BLOCK
COMMAND	15	COMMAND_BLOCK	COMMAND_BLOCK
BEACON	0	BEACON	BEACON
BEACON	1	BEACON	BEACON
BEACON	2	BEACON	BEACON
BEACON	3	BEACON	BEACON
BEACON	4	BEACON	BEACON
BEACON	5	BEACON	BEACON
BEACON	6	BEACON	BEACON
BEACON	7	BEACON	BEACON
BEACON	8	BEACON	BEACON
BEACON	9	BEACON	BEACON
BEACON	10	BEACON	BEACON
BEACON	11	BEACON	BEACON
BEACON	12	BEACON	BEACON
BEACON	13	BEACON	BEACON
BEACON	14	BEACON	BEACON
BEACON	15	BEACON	BEACON
COBBLE_WALL	0	COBBLESTONE_WALL	COBBLESTONE_WALL
COBBLE_WALL	1	MOSSY_COBBLESTONE_WALL	MOSSY_COBBLESTONE_WALL
COBBLE_WALL	2	COBBLESTONE_WALL	COBBLESTONE_WALL
COBBLE_WALL	3	COBBLESTONE_WALL	COBBLESTONE_WALL
COBBLE_WALL	4	COBBLESTONE_WALL	COBBLESTONE_WALL
COBBLE_WALL	5	COBBLESTONE_WALL	COBBLESTONE_WALL
COBBLE_WALL	6	COBBLESTONE_WALL	COBBLESTONE_WALL
COBBLE_WALL	7	COBBLESTONE_WALL	COBBLESTONE_WALL
COBBLE_WALL	8	COBBLESTONE_WALL	COBBLESTONE_WALL
COBBLE_WALL	9	COBBLESTONE_WALL	COBBLESTONE_WALL
COBBLE_WALL	10	COBBLESTONE_WALL	COBBLESTONE_WALL
COBBLE_WALL	11	COBBLESTONE_WALL	COBBLESTONE_WALL
COBBLE_WALL	12	COBBLESTONE_WALL	COBBLESTONE_WALL
COBBLE_WALL	13	COBBLESTONE_WALL	COBBLESTONE_WALL
COBBLE_WALL	14	COBBLESTONE_WALL	COBBLESTONE_WALL
COBBLE_WALL	15	COBBLESTONE_WALL	COBBLESTONE_WALL
FLOWER_POT	0	POTTED_CACTUS	
FLOWER_POT	1	POTTED_CACTUS	
FLOWER_POT	2	POTTED_CACTUS	
FLOWER_POT	3	POTTED_CACTUS	
FLOWER_POT	4	POTTED_CACTUS	
FLOWER_POT	5	POTTED_CACTUS	
FLOWER_POT	6	POTTED_CACTUS	
FLOWER_POT	7	POTTED_CACTUS	
FLOWER_POT	8	POTTED_CACTUS	
FLOWER_POT	9	POTTED_CACTUS	
FLOWER_POT	10	POTTED_CACTUS	
FLOWER_POT	11	POTTED_CACTUS	
FLOWER_POT	12	POTTED_CACTUS	
FLOWER_POT	13	POTTED_CACTUS	
FLOWER_POT	14	POTTED_CACTUS	
FLOWER_POT	15	POTTED_CACTUS	
CARROT	0	CARROTS	
CARROT	1	CARROTS	
CARROT	2	CARROTS	
CARROT	3	CARROTS	
CARROT	4	CARROTS	
CARROT	5	CARROTS	
CARROT	6	CARROTS	
CARROT	7	CARROTS	
POTATO	0	POTATOES	
POTATO	1	POTATOES	
POTATO	2	POTATOES	
POTATO	3	POTATOES	
POTATO	4	POTATOES	
POTATO	5	POTATOES	
POTATO	6	POTATOES	
POTATO	7	POTATOES	
WOOD_BUTTON	0	OAK_BUTTON	OAK_BUTTON
WOOD_BUTTON	1	OAK_BUTTON	OAK_BUTTON
WOOD_BUTTON	2	OAK_BUTTON	OAK_BUTTON
WOOD_BUTTON	3	OAK_BUTTON	OAK_BUTTON
WOOD_BUTTON	4	OAK_BUTTON	OAK_BUTTON
WOOD_BUTTON	5	OAK_BUTTON	OAK_BUTTON
WOOD_BUTTON	6	OAK_BUTTON	OAK_BUTTON
WOOD_BUTTON	7	OAK_BUTTON	OAK_BUTTON
WOOD_BUTTON	8	OAK_BUTTON	OAK_BUTTON
WOOD_BUTTON	9	OAK_BUTTON	OAK_BUTTON
WOOD_BUTTON	10	OAK_BUTTON	OAK_BUTTON
WOOD_BUTTON	11	OAK_BUTTON	OAK_BUTTON
WOOD_BUTTON	12	OAK_BUTTON	OAK_BUTTON
WOOD_BUTTON	13	OAK_BUTTON	OAK_BUTTON
WOOD_BUTTON	14	OAK_BUTTON	OAK_BUTTON
WOOD_BUTTON	15	OAK_BUTTON	OAK_BUTTON
ANVIL	0	ANVIL	ANVIL
ANVIL	1	ANVIL	CHIPPED_ANVIL
ANVIL	2	ANVIL	DAMAGED_ANVIL
ANVIL	3	ANVIL	ANVIL
ANVIL	4	CHIPPED_ANVIL	ANVIL
ANVIL	5	CHIPPED_ANVIL	ANVIL
ANVIL	6	CHIPPED_ANVIL	ANVIL
ANVIL	7	CHIPPED_ANVIL	ANVIL
ANVIL	8	DAMAGED_ANVIL	ANVIL
ANVIL	9	DAMAGED_ANVIL	ANVIL
ANVIL	10	DAMAGED_ANVIL	ANVIL
ANVIL	11	DAMAGED_ANVIL	ANVIL
ANVIL	12	ANVIL	ANVIL
ANVIL	13	ANVIL	ANVIL
ANVIL	14	ANVIL	ANVIL
ANVIL	15	ANVIL	ANVIL
TRAPPED_CHEST	0	TRAPPED_CHEST	TRAPPED_CHEST
TRAPPED_CHEST	1	TRAPPED_CHEST	TRAPPED_CHEST
TRAPPED_CHEST	2	TRAPPED_CHEST	TRAPPED_CHEST
TRAPPED_CHEST	3	TRAPPED_CHEST	TRAPPED_CHEST
TRAPPED_CHEST	4	TRAPPED_CHEST	TRAPPED_CHEST
TRAPPED_CHEST	5	TRAPPED_CHEST	TRAPPED_CHEST
TRAPPED_CHEST	6	TRAPPED_CHEST	TRAPPED_CHEST
TRAPPED_CHEST	7	TRAPPED_CHEST	TRAPPED_CHEST
TRAPPED_CHEST	8	TRAPPED_CHEST	TRAPPED_CHEST
TRAPPED_CHEST	9	TRAPPED_CHEST	TRAPPED_CHEST
TRAPPED_CHEST	10	TRAPPED_CHEST	TRAPPED_CHEST
TRAPPED_CHEST	11	TRAPPED_CHEST	TRAPPED_CHEST
TRAPPED_CHEST	12	TRAPPED_CHEST	TRAPPED_CHEST
TRAPPED_CHEST	13	TRAPPED_CHEST	TRAPPED_CHEST
TRAPPED_CHEST	14	TRAPPED_CHEST	TRAPPED_CHEST
TRAPPED_CHEST	15	TRAPPED_CHEST	TRAPPED_CHEST
GOLD_PLATE	0	LIGHT_WEIGHTED_PRESSURE_PLATE	LIGHT_WEIGHTED_PRESSURE_PLATE
GOLD_PLATE	1	LIGHT_WEIGHTED_PRESSURE_PLATE	LIGHT_WEIGHTED_PRESSURE_PLATE
GOLD_PLATE	2	LIGHT_WEIGHTED_PRESSURE_PLATE	LIGHT_WEIGHTED_PRESSURE_PLATE
GOLD_PLATE	3	LIGHT_WEIGHTED_PRESSURE_PLATE	LIGHT_WEIGHTED_PRESSURE_PLATE
GOLD_PLATE	4	LIGHT_WEIGHTED_PRESSURE_PLATE	LIGHT_WEIGHTED_PRESSURE_PLATE
GOLD_PLATE	5	LIGHT_WEIGHTED_PRESSURE_PLATE	LIGHT_WEIGHTED_PRESSURE_PLATE
GOLD_PLATE	6	LIGHT_WEIGHTED_PRESSURE_PLATE	LIGHT_WEIGHTED_PRESSURE_PLATE
GOLD_PLATE	7	LIGHT_WEIGHTED_PRESSURE_PLATE	LIGHT_WEIGHTED_PRESSURE_PLATE
GOLD_PLATE	8	LIGHT_WEIGHTED_PRESSURE_PLATE	LIGHT_WEIGHTED_PRESSURE_PLATE
GOLD_PLATE	9	LIGHT_WEIGHTED_PRESSURE_PLATE	LIGHT_WEIGHTED_PRESSURE_PLATE
GOLD_PLATE	10	LIGHT_WEIGHTED_PRESSURE_PLATE	LIGHT_WEIGHTED_PRESSURE_PLATE
GOLD_PLATE	11	LIGHT_WEIGHTED_PRESSURE_PLATE	LIGHT_WEIGHTED_PRESSURE_PLATE
GOLD_PLATE	12	LIGHT_WEIGHTED_PRESSURE_PLATE	LIGHT_WEIGHTED_PRESSURE_PLATE
GOLD_PLATE	13	LIGHT_WEIGHTED_PRESSURE_PLATE	LIGHT_WEIGHTED_PRESSURE_PLATE
GOLD_PLATE	14	LIGHT_WEIGHTED_PRESSURE_PLATE	LIGHT_WEIGHTED_PRESSURE_PLATE
GOLD_PLATE	15	LIGHT_WEIGHTED_PRESSURE_PLATE	LIGHT_WEIGHTED_PRESSURE_PLATE
IRON_PLATE	0	HEAVY_WEIGHTED_PRESSURE_PLATE	HEAVY_WEIGHTED_PRESSURE_PLATE
IRON_PLATE	1	HEAVY_WEIGHTED_PRESSURE_PLATE	HEAVY_WEIGHTED_PRESSURE_PLATE
IRON_PLATE	2	HEAVY_WEIGHTED_PRESSURE_PLATE	HEAVY_WEIGHTED_PRESSURE_PLATE
IRON_PLATE	3	HEAVY_WEIGHTED_PRESSURE_PLATE	HEAVY_WEIGHTED_PRESSURE_PLATE
IRON_PLATE	4	HEAVY_WEIGHTED_PRESSURE_PLATE	HEAVY_WEIGHTED_PRESSURE_PLATE
IRON_PLATE	5	HEAVY_WEIGHTED_PRESSURE_PLATE	HEAVY_WEIGHTED_PRESSURE_PLATE
IRON_PLATE	6	HEAVY_WEIGHTED_PRESSURE_PLATE	HEAVY_WEIGHTED_PRESSURE_PLATE
IRON_PLATE	7	HEAVY_WEIGHTED_PRESSURE_PLATE	HEAVY_WEIGHTED_PRESSURE_PLATE
IRON_PLATE	8	HEAVY_WEIGHTED_PRESSURE_PLATE	HEAVY_WEIGHTED_PRESSURE_PLATE
IRON_PLATE	9	HEAVY_WEIGHTED_PRESSURE_PLATE	HEAVY_WEIGHTED_PRESSURE_PLATE
IRON_PLATE	10	HEAVY_WEIGHTED_PRESSURE_PLATE	HEAVY_WEIGHTED_PRESSURE_PLATE
IRON_PLATE	11	HEAVY_WEIGHTED_PRESSURE_PLATE	HEAVY_WEIGHTED_PRESSURE_PLATE
IRON_PLATE	12	HEAVY_WEIGHTED_PRESSURE_PLATE	HEAVY_WEIGHTED_PRESSURE_PLATE
IRON_PLATE	13	HEAVY_WEIGHTED_PRESSURE_PLATE	HEAVY_WEIGHTED_PRESSURE_PLATE
IRON_PLATE	14	HEAVY_WEIGHTED_PRESSURE_PLATE	HEAVY_WEIGHTED_PRESSURE_PLATE
IRON_PLATE	15	HEAVY_WEIGHTED_PRESSURE_PLATE	HEAVY_WEIGHTED_PRESSURE_PLATE
REDSTONE_COMPARATOR_OFF	0	COMPARATOR	
REDSTONE_COMPARATOR_OFF	1	COMPARATOR	
REDSTONE_COMPARATOR_OFF	2	COMPARATOR	
REDSTONE_COMPARATOR_OFF	3	COMPARATOR	
REDSTONE_COMPARATOR_OFF	4	COMPARATOR	
REDSTONE_COMPARATOR_OFF	5	COMPARATOR	
REDSTONE_COMPARATOR_OFF	6	COMPARATOR	
REDSTONE_COMPARATOR_OFF	7	COMPARATOR	
REDSTONE_COMPARATOR_OFF	8	COMPARATOR	
REDSTONE_COMPARATOR_OFF	9	COMPARATOR	
REDSTONE_COMPARATOR_OFF	10	COMPARATOR	
REDSTONE_COMPARATOR_OFF	11	COMPARATOR	
REDSTONE_COMPARATOR_OFF	12	COMPARATOR	
REDSTONE_COMPARATOR_OFF	13	COMPARATOR	
REDSTONE_COMPARATOR_OFF	14	COMPARATOR	
REDSTONE_COMPARATOR_OFF	15	COMPARATOR	
REDSTONE_COMPARATOR_ON	0	COMPARATOR	
REDSTONE_COMPARATOR_ON	1	COMPARATOR	
REDSTONE_COMPARATOR_ON	2	COMPARATOR	
REDSTONE_COMPARATOR_ON	3	COMPARATOR	
REDSTONE_COMPARATOR_ON	4	COMPARATOR	
REDSTONE_COMPARATOR_ON	5	COMPARATOR	
REDSTONE_COMPARATOR_ON	6	COMPARATOR	
REDSTONE_COMPARATOR_ON	7	COMPARATOR	
REDSTONE_COMPARATOR_ON	8	COMPARATOR	
REDSTONE_COMPARATOR_ON	9	COMPARATOR	
REDSTONE_COMPARATOR_ON	10	COMPARATOR	
REDSTONE_COMPARATOR_ON	11	COMPARATOR	
REDSTONE_COMPARATOR_ON	12	COMPARATOR	
REDSTONE_COMPARATOR_ON	13	COMPARATOR	
REDSTONE_COMPARATOR_ON	14	COMPARATOR	
REDSTONE_COMPARATOR_ON	15	COMPARATOR	
DAYLIGHT_DETECTOR	0	DAYLIGHT_DETECTOR	DAYLIGHT_DETECTOR
DAYLIGHT_DETECTOR	1	DAYLIGHT_DETECTOR	DAYLIGHT_DETECTOR
DAYLIGHT_DETECTOR	2	DAYLIGHT_DETECTOR	DAYLIGHT_DETECTOR
DAYLIGHT_DETECTOR	3	DAYLIGHT_DETECTOR	DAYLIGHT_DETECTOR
DAYLIGHT_DETECTOR	4	DAYLIGHT_DETECTOR	DAYLIGHT_DETECTOR
DAYLIGHT_DETECTOR	5	DAYLIGHT_DETECTOR	DAYLIGHT_DETECTOR
DAYLIGHT_DETECTOR	6	DAYLIGHT_DETECTOR	DAYLIGHT_DETECTOR
DAYLIGHT_DETECTOR	7	DAYLIGHT_DETECTOR	DAYLIGHT_DETECTOR
DAYLIGHT_DETECTOR	8	DAYLIGHT_DETECTOR	DAYLIGHT_DETECTOR
DAYLIGHT_DETECTOR	9	DAYLIGHT_DETECTOR	DAYLIGHT_DETECTOR
DAYLIGHT_DETECTOR	10	DAYLIGHT_DETECTOR	DAYLIGHT_DETECTOR
DAYLIGHT_DETECTOR	11	DAYLIGHT_DETECTOR	DAYLIGHT_DETECTOR
DAYLIGHT_DETECTOR	12	DAYLIGHT_DETECTOR	DAYLIGHT_DETECTOR
DAYLIGHT_DETECTOR	13	DAYLIGHT_DETECTOR	DAYLIGHT_DETECTOR
DAYLIGHT_DETECTOR	14	DAYLIGHT_DETECTOR	DAYLIGHT_DETECTOR
DAYLIGHT_DETECTOR	15	DAYLIGHT_DETECTOR	DAYLIGHT_DETECTOR
REDSTONE_BLOCK	0	REDSTONE_BLOCK	REDSTONE_BLOCK
REDSTONE_BLOCK	1	REDSTONE_BLOCK	REDSTONE_BLOCK
REDSTONE_BLOCK	2	REDSTONE_BLOCK	REDSTONE_BLOCK
REDSTONE_BLOCK	3	REDSTONE_BLOCK	REDSTONE_BLOCK
REDSTONE_BLOCK	4	REDSTONE_BLOCK	REDSTONE_BLOCK
REDSTONE_BLOCK	5	REDSTONE_BLOCK	REDSTONE_BLOCK
REDSTONE_BLOCK	6	REDSTONE_BLOCK	REDSTONE_BLOCK
REDSTONE_BLOCK	7	REDSTONE_BLOCK	REDSTONE_BLOCK
REDSTONE_BLOCK	8	REDSTONE_BLOCK	REDSTONE_BLOCK
REDSTONE_BLOCK	9	REDSTONE_BLOCK	REDSTONE_BLOCK
REDSTONE_BLOCK	10	REDSTONE_BLOCK	REDSTONE_BLOCK
REDSTONE_BLOCK	11	REDSTONE_BLOCK	REDSTONE_BLOCK
REDSTONE_BLOCK	12	REDSTONE_BLOCK	REDSTONE_BLOCK
REDSTONE_BLOCK	13	REDSTONE_BLOCK	REDSTONE_BLOCK
REDSTONE_BLOCK	14	REDSTONE_BLOCK	REDSTONE_BLOCK
REDSTONE_BLOCK	15	REDSTONE_BLOCK	REDSTONE_BLOCK
QUARTZ_ORE	0	NETHER_QUARTZ_ORE	NETHER_QUARTZ_ORE
QUARTZ_ORE	1	NETHER_QUARTZ_ORE	NETHER_QUARTZ_ORE
QUARTZ_ORE	2	NETHER_QUARTZ_ORE	NETHER_QUARTZ_ORE
QUARTZ_ORE	3	NETHER_QUARTZ_ORE	NETHER_QUARTZ_ORE
QUARTZ_ORE	4	NETHER_QUARTZ_ORE	NETHER_QUARTZ_ORE
QUARTZ_ORE	5	NETHER_QUARTZ_ORE	NETHER_QUARTZ_ORE
QUARTZ_ORE	6	NETHER_QUARTZ_ORE	NETHER_QUARTZ_ORE
QUARTZ_ORE	7	NETHER_QUARTZ_ORE	NETHER_QUARTZ_ORE
QUARTZ_ORE	8	NETHER_QUARTZ_ORE	NETHER_QUARTZ_ORE
QUARTZ_ORE	9	NETHER_QUARTZ_ORE	NETHER_QUARTZ_ORE
QUARTZ_ORE	10	NETHER_QUARTZ_ORE	NETHER_QUARTZ_ORE
QUARTZ_ORE	11	NETHER_QUARTZ_ORE	NETHER_QUARTZ_ORE
QUARTZ_ORE	12	NETHER_QUARTZ_ORE	NETHER_QUARTZ_ORE
QUARTZ_ORE	13	NETHER_QUARTZ_ORE	NETHER_QUARTZ_ORE
QUARTZ_ORE	14	NETHER_QUARTZ_ORE	NETHER_QUARTZ_ORE
QUARTZ_ORE	15	NETHER_QUARTZ_ORE	NETHER_QUARTZ_ORE
HOPPER	0	HOPPER	HOPPER
HOPPER	1	HOPPER	HOPPER
HOPPER	2	HOPPER	HOPPER
HOPPER	3	HOPPER	HOPPER
HOPPER	4	HOPPER	HOPPER
HOPPER	5	HOPPER	HOPPER
HOPPER	6	HOPPER	HOPPER
HOPPER	7	HOPPER	HOPPER
HOPPER	8	HOPPER	HOPPER
HOPPER	9	HOPPER	HOPPER
HOPPER	10	HOPPER	HOPPER
HOPPER	11	HOPPER	HOPPER
HOPPER	12	HOPPER	HOPPER
HOPPER	13	HOPPER	HOPPER
HOPPER	14	HOPPER	HOPPER
HOPPER	15	HOPPER	HOPPER
QUARTZ_BLOCK	0	QUARTZ_BLOCK	QUARTZ_BLOCK
QUARTZ_BLOCK	1	CHISELED_QUARTZ_BLOCK	CHISELED_QUARTZ_BLOCK
QUARTZ_BLOCK	2	QUARTZ_PILLAR	QUARTZ_PILLAR
QUARTZ_BLOCK	3	QUARTZ_PILLAR	QUARTZ_BLOCK
QUARTZ_BLOCK	4	QUARTZ_PILLAR	QUARTZ_BLOCK
QUARTZ_BLOCK	5	QUARTZ_BLOCK	QUARTZ_BLOCK
QUARTZ_BLOCK	6	QUARTZ_BLOCK	QUARTZ_BLOCK
QUARTZ_BLOCK	7	QUARTZ_BLOCK	QUARTZ_BLOCK
QUARTZ_BLOCK	8	QUARTZ_BLOCK	QUARTZ_BLOCK
QUARTZ_BLOCK	9	QUARTZ_BLOCK	QUARTZ_BLOCK
QUARTZ_BLOCK	10	QUARTZ_BLOCK	QUARTZ_BLOCK
QUARTZ_BLOCK	11	QUARTZ_BLOCK	QUARTZ_BLOCK
QUARTZ_BLOCK	12	QUARTZ_BLOCK	QUARTZ_BLOCK
QUARTZ_BLOCK	13	QUARTZ_BLOCK	QUARTZ_BLOCK
QUARTZ_BLOCK	14	QUARTZ_BLOCK	QUARTZ_BLOCK
QUARTZ_BLOCK	15	QUARTZ_BLOCK	QUARTZ_BLOCK
QUARTZ_STAIRS	0	QUARTZ_STAIRS	QUARTZ_STAIRS
QUARTZ_STAIRS	1	QUARTZ_STAIRS	QUARTZ_STAIRS
QUARTZ_STAIRS	2	QUARTZ_STAIRS	QUARTZ_STAIRS
QUARTZ_STAIRS	3	QUARTZ_STAIRS	QUARTZ_STAIRS
QUARTZ_STAIRS	4	QUARTZ_STAIRS	QUARTZ_STAIRS
QUARTZ_STAIRS	5	QUARTZ_STAIRS	QUARTZ_STAIRS
QUARTZ_STAIRS	6	QUARTZ_STAIRS	QUARTZ_STAIRS
QUARTZ_STAIRS	7	QUARTZ_STAIRS	QUARTZ_STAIRS
QUARTZ_STAIRS	8	QUARTZ_STAIRS	QUARTZ_STAIRS
QUARTZ_STAIRS	9	QUARTZ_STAIRS	QUARTZ_STAIRS
QUARTZ_STAIRS	10	QUARTZ_STAIRS	QUARTZ_STAIRS
QUARTZ_STAIRS	11	QUARTZ_STAIRS	QUARTZ_STAIRS
QUARTZ_STAIRS	12	QUARTZ_STAIRS	QUARTZ_STAIRS
QUARTZ_STAIRS	13	QUARTZ_STAIRS	QUARTZ_STAIRS
QUARTZ_STAIRS	14	QUARTZ_STAIRS	QUARTZ_STAIRS
QUARTZ_STAIRS	15	QUARTZ_STAIRS	QUARTZ_STAIRS
ACTIVATOR_RAIL	0	ACTIVATOR_RAIL	ACTIVATOR_RAIL
ACTIVATOR_RAIL	1	ACTIVATOR_RAIL	ACTIVATOR_RAIL
ACTIVATOR_RAIL	2	ACTIVATOR_RAIL	ACTIVATOR_RAIL
ACTIVATOR_RAIL	3	ACTIVATOR_RAIL	ACTIVATOR_RAIL
ACTIVATOR_RAIL	4	ACTIVATOR_RAIL	ACTIVATOR_RAIL
ACTIVATOR_RAIL	5	ACTIVATOR_RAIL	ACTIVATOR_RAIL
ACTIVATOR_RAIL	6	ACTIVATOR_RAIL	ACTIVATOR_RAIL
ACTIVATOR_RAIL	7	ACTIVATOR_RAIL	ACTIVATOR_RAIL
ACTIVATOR_RAIL	8	ACTIVATOR_RAIL	ACTIVATOR_RAIL
ACTIVATOR_RAIL	9	ACTIVATOR_RAIL	ACTIVATOR_RAIL
ACTIVATOR_RAIL	10	ACTIVATOR_RAIL	ACTIVATOR_RAIL
ACTIVATOR_RAIL	11	ACTIVATOR_RAIL	ACTIVATOR_RAIL
ACTIVATOR_RAIL	12	ACTIVATOR_RAIL	ACTIVATOR_RAIL
ACTIVATOR_RAIL	13	ACTIVATOR_RAIL	ACTIVATOR_RAIL
ACTIVATOR_RAIL	14	ACTIVATOR_RAIL	ACTIVATOR_RAIL
ACTIVATOR_RAIL	15	ACTIVATOR_RAIL	ACTIVATOR_RAIL
DROPPER	0	DROPPER	DROPPER
DROPPER	1	DROPPER	DROPPER
DROPPER	2	DROPPER	DROPPER
DROPPER	3	DROPPER	DROPPER
DROPPER	4	DROPPER	DROPPER
DROPPER	5	DROPPER	DROPPER
DROPPER	6	DROPPER	DROPPER
DROPPER	7	DROPPER	DROPPER
DROPPER	8	DROPPER	DROPPER
DROPPER	9	DROPPER	DROPPER
DROPPER	10	DROPPER	DROPPER
DROPPER	11	DROPPER	DROPPER
DROPPER	12	DROPPER	DROPPER
DROPPER	13	DROPPER	DROPPER
DROPPER	14	DROPPER	DROPPER
DROPPER	15	DROPPER	DROPPER
STAINED_CLAY	0	WHITE_TERRACOTTA	WHITE_TERRACOTTA
STAINED_CLAY	1	ORANGE_TERRACOTTA	ORANGE_TERRACOTTA
STAINED_CLAY	2	MAGENTA_TERRACOTTA	MAGENTA_TERRACOTTA
STAINED_CLAY	3	LIGHT_BLUE_TERRACOTTA	LIGHT_BLUE_TERRACOTTA
STAINED_CLAY	4	YELLOW_TERRACOTTA	YELLOW_TERRACOTTA
STAINED_CLAY	5	LIME_TERRACOTTA	LIME_TERRACOTTA
STAINED_CLAY	6	PINK_TERRACOTTA	PINK_TERRACOTTA
STAINED_CLAY	7	GRAY_TERRACOTTA	GRAY_TERRACOTTA
STAINED_CLAY	8	LIGHT_GRAY_TERRACOTTA	LIGHT_GRAY_TERRACOTTA
STAINED_CLAY	9	CYAN_TERRACOTTA	CYAN_TERRACOTTA
STAINED_CLAY	10	PURPLE_TERRACOTTA	PURPLE_TERRACOTTA
STAINED_CLAY	11	BLUE_TERRACOTTA	BLUE_TERRACOTTA
STAINED_CLAY	12	BROWN_TERRACOTTA	BROWN_TERRACOTTA
STAINED_CLAY	13	GREEN_TERRACOTTA	GREEN_TERRACOTTA
STAINED_CLAY	14	RED_TERRACOTTA	RED_TERRACOTTA
STAINED_CLAY	15	BLACK_TERRACOTTA	BLACK_TERRACOTTA
STAINED_GLASS_PANE	0	WHITE_STAINED_GLASS_PANE	WHITE_STAINED_GLASS_PANE
STAINED_GLASS_PANE	1	ORANGE_STAINED_GLASS_PANE	ORANGE_STAINED_GLASS_PANE
STAINED_GLASS_PANE	2	MAGENTA_STAINED_GLASS_PANE	MAGENTA_STAINED_GLASS_PANE
STAINED_GLASS_PANE	3	LIGHT_BLUE_STAINED_GLASS_PANE	LIGHT_BLUE_STAINED_GLASS_PANE
STAINED_GLASS_PANE	4	YELLOW_STAINED_GLASS_PANE	YELLOW_STAINED_GLASS_PANE
STAINED_GLASS_PANE	5	LIME_STAINED_GLASS_PANE	LIME_STAINED_GLASS_PANE
STAINED_GLASS_PANE	6	PINK_STAINED_GLASS_PANE	PINK_STAINED_GLASS_PANE
STAINED_GLASS_PANE	7	GRAY_STAINED_GLASS_PANE	GRAY_STAINED_GLASS_PANE
STAINED_GLASS_PANE	8	LIGHT_GRAY_STAINED_GLASS_PANE	LIGHT_GRAY_STAINED_GLASS_PANE
STAINED_GLASS_PANE	9	CYAN_STAINED_GLASS_PANE	CYAN_STAINED_GLASS_PANE
STAINED_GLASS_PANE	10	PURPLE_STAINED_GLASS_PANE	PURPLE_STAINED_GLASS_PANE
STAINED_GLASS_PANE	11	BLUE_STAINED_GLASS_PANE	BLUE_STAINED_GLASS_PANE
STAINED_GLASS_PANE	12	BROWN_STAINED_GLASS_PANE	BROWN_STAINED_GLASS_PANE
STAINED_GLASS_PANE	13	GREEN_STAINED_GLASS_PANE	GREEN_STAINED_GLASS_PANE
STAINED_GLASS_PANE	14	RED_STAINED_GLASS_PANE	RED_STAINED_GLASS_PANE
STAINED_GLASS_PANE	15	BLACK_STAINED_GLASS_PANE	BLACK_STAINED_GLASS_PANE
LEAVES_2	0	ACACIA_LEAVES	ACACIA_LEAVES
LEAVES_2	1	DARK_OAK_LEAVES	DARK_OAK_LEAVES
LEAVES_2	2	ACACIA_LEAVES	ACACIA_LEAVES
LEAVES_2	3	ACACIA_LEAVES	ACACIA_LEAVES
LEAVES_2	4	ACACIA_LEAVES	ACACIA_LEAVES
LEAVES_2	5	DARK_OAK_LEAVES	ACACIA_LEAVES
LEAVES_2	6	ACACIA_LEAVES	ACACIA_LEAVES
LEAVES_2	7	ACACIA_LEAVES	ACACIA_LEAVES
LEAVES_2	8	ACACIA_LEAVES	ACACIA_LEAVES
LEAVES_2	9	DARK_OAK_LEAVES	ACACIA_LEAVES
LEAVES_2	10	ACACIA_LEAVES	ACACIA_LEAVES
LEAVES_2	11	ACACIA_LEAVES	ACACIA_LEAVES
LEAVES_2	12	ACACIA_LEAVES	ACACIA_LEAVES
LEAVES_2	13	DARK_OAK_LEAVES	ACACIA_LEAVES
LEAVES_2	14	ACACIA_LEAVES	ACACIA_LEAVES
LEAVES_2	15	ACACIA_LEAVES	ACACIA_LEAVES
LOG_2	0	ACACIA_LOG	ACACIA_LOG
LOG_2	1	DARK_OAK_LOG	DARK_OAK_LOG
LOG_2	2	ACACIA_LOG	ACACIA_LOG
LOG_2	3	ACACIA_LOG	ACACIA_LOG
LOG_2	4	ACACIA_LOG	ACACIA_LOG
LOG_2	5	DARK_OAK_LOG	ACACIA_LOG
LOG_2	6	ACACIA_LOG	ACACIA_LOG
LOG_2	7	ACACIA_LOG	ACACIA_LOG
LOG_2	8	ACACIA_LOG	ACACIA_LOG
LOG_2	9	DARK_OAK_LOG	ACACIA_LOG
LOG_2	10	ACACIA_LOG	ACACIA_LOG
LOG_2	11	ACACIA_LOG	ACACIA_LOG
LOG_2	12	ACACIA_LOG	ACACIA_LOG
LOG_2	13	ACACIA_LOG	ACACIA_LOG
LOG_2	14	ACACIA_LOG	ACACIA_LOG
LOG_2	15	ACACIA_LOG	ACACIA_LOG
ACACIA_STAIRS	0	ACACIA_STAIRS	ACACIA_STAIRS
ACACIA_STAIRS	1	ACACIA_STAIRS	ACACIA_STAIRS
ACACIA_STAIRS	2	ACACIA_STAIRS	ACACIA_STAIRS
ACACIA_STAIRS	3	ACACIA_STAIRS	ACACIA_STAIRS
ACACIA_STAIRS	4	ACACIA_STAIRS	ACACIA_STAIRS
ACACIA_STAIRS	5	ACACIA_STAIRS	ACACIA_STAIRS
ACACIA_STAIRS	6	ACACIA_STAIRS	ACACIA_STAIRS
ACACIA_STAIRS	7	ACACIA_STAIRS	ACACIA_STAIRS
ACACIA_STAIRS	8	ACACIA_STAIRS	ACACIA_STAIRS
ACACIA_STAIRS	9	ACACIA_STAIRS	ACACIA_STAIRS
ACACIA_STAIRS	10	ACACIA_STAIRS	ACACIA_STAIRS
ACACIA_STAIRS	11	ACACIA_STAIRS	ACACIA_STAIRS
ACACIA_STAIRS	12	ACACIA_STAIRS	ACACIA_STAIRS
ACACIA_STAIRS	13	ACACIA_STAIRS	ACACIA_STAIRS
ACACIA_STAIRS	14	ACACIA_STAIRS	ACACIA_STAIRS
ACACIA_STAIRS	15	ACACIA_STAIRS	ACACIA_STAIRS
DARK_OAK_STAIRS	0	DARK_OAK_STAIRS	DARK_OAK_STAIRS
DARK_OAK_STAIRS	1	DARK_OAK_STAIRS	DARK_OAK_STAIRS
DARK_OAK_STAIRS	2	DARK_OAK_STAIRS	DARK_OAK_STAIRS
DARK_OAK_STAIRS	3	DARK_OAK_STAIRS	DARK_OAK_STAIRS
DARK_OAK_STAIRS	4	DARK_OAK_STAIRS	DARK_OAK_STAIRS
DARK_OAK_STAIRS	5	DARK_OAK_STAIRS	DARK_OAK_STAIRS
DARK_OAK_STAIRS	6	DARK_OAK_STAIRS	DARK_OAK_STAIRS
DARK_OAK_STAIRS	7	DARK_OAK_STAIRS	DARK_OAK_STAIRS
DARK_OAK_STAIRS	8	DARK_OAK_STAIRS	DARK_OAK_STAIRS
DARK_OAK_STAIRS	9	DARK_OAK_STAIRS	DARK_OAK_STAIRS
DARK_OAK_STAIRS	10	DARK_OAK_STAIRS	DARK_OAK_STAIRS
DARK_OAK_STAIRS	11	DARK_OAK_STAIRS	DARK_OAK_STAIRS
DARK_OAK_STAIRS	12	DARK_OAK_STAIRS	DARK_OAK_STAIRS
DARK_OAK_STAIRS	13	DARK_OAK_STAIRS	DARK_OAK_STAIRS
DARK_OAK_STAIRS	14	DARK_OAK_STAIRS	DARK_OAK_STAIRS
DARK_OAK_STAIRS	15	DARK_OAK_STAIRS	DARK_OAK_STAIRS
SLIME_BLOCK	0	SLIME_BLOCK	SLIME_BLOCK
BARRIER	0	BARRIER	BARRIER
IRON_TRAPDOOR	0	IRON_TRAPDOOR	IRON_TRAPDOOR
IRON_TRAPDOOR	1	IRON_TRAPDOOR	IRON_TRAPDOOR
IRON_TRAPDOOR	2	IRON_TRAPDOOR	IRON_TRAPDOOR
IRON_TRAPDOOR	3	IRON_TRAPDOOR	IRON_TRAPDOOR
IRON_TRAPDOOR	4	IRON_TRAPDOOR	IRON_TRAPDOOR
IRON_TRAPDOOR	5	IRON_TRAPDOOR	IRON_TRAPDOOR
IRON_TRAPDOOR	6	IRON_TRAPDOOR	IRON_TRAPDOOR
IRON_TRAPDOOR	7	IRON_TRAPDOOR	IRON_TRAPDOOR
IRON_TRAPDOOR	8	IRON_TRAPDOOR	IRON_TRAPDOOR
IRON_TRAPDOOR	9	IRON_TRAPDOOR	IRON_TRAPDOOR
IRON_TRAPDOOR	10	IRON_TRAPDOOR	IRON_TRAPDOOR
IRON_TRAPDOOR	11	IRON_TRAPDOOR	IRON_TRAPDOOR
IRON_TRAPDOOR	12	IRON_TRAPDOOR	IRON_TRAPDOOR
IRON_TRAPDOOR	13	IRON_TRAPDOOR	IRON_TRAPDOOR
IRON_TRAPDOOR	14	IRON_TRAPDOOR	IRON_TRAPDOOR
IRON_TRAPDOOR	15	IRON_TRAPDOOR	IRON_TRAPDOOR
PRISMARINE	0	PRISMARINE	PRISMARINE
PRISMARINE	1	PRISMARINE_BRICKS	PRISMARINE_BRICKS
PRISMARINE	2	DARK_PRISMARINE	DARK_PRISMARINE
SEA_LANTERN	0	SEA_LANTERN	SEA_LANTERN
HAY_BLOCK	0	HAY_BLOCK	HAY_BLOCK
HAY_BLOCK	1	HAY_BLOCK	HAY_BLOCK
HAY_BLOCK	2	HAY_BLOCK	HAY_BLOCK
HAY_BLOCK	3	HAY_BLOCK	HAY_BLOCK
HAY_BLOCK	4	HAY_BLOCK	HAY_BLOCK
HAY_BLOCK	5	HAY_BLOCK	HAY_BLOCK
HAY_BLOCK	6	HAY_BLOCK	HAY_BLOCK
HAY_BLOCK	7	HAY_BLOCK	HAY_BLOCK
HAY_BLOCK	8	HAY_BLOCK	HAY_BLOCK
HAY_BLOCK	9	HAY_BLOCK	HAY_BLOCK
HAY_BLOCK	10	HAY_BLOCK	HAY_BLOCK
HAY_BLOCK	11	HAY_BLOCK	HAY_BLOCK
HAY_BLOCK	12	HAY_BLOCK	HAY_BLOCK
HAY_BLOCK	13	HAY_BLOCK	HAY_BLOCK
HAY_BLOCK	14	HAY_BLOCK	HAY_BLOCK
HAY_BLOCK	15	HAY_BLOCK	HAY_BLOCK
CARPET	0	WHITE_CARPET	WHITE_CARPET
CARPET	1	ORANGE_CARPET	ORANGE_CARPET
CARPET	2	MAGENTA_CARPET	MAGENTA_CARPET
CARPET	3	LIGHT_BLUE_CARPET	LIGHT_BLUE_CARPET
CARPET	4	YELLOW_CARPET	YELLOW_CARPET
CARPET	5	LIME_CARPET	LIME_CARPET
CARPET	6	PINK_CARPET	PINK_CARPET
CARPET	7	GRAY_CARPET	GRAY_CARPET
CARPET	8	LIGHT_GRAY_CARPET	LIGHT_GRAY_CARPET
CARPET	9	CYAN_CARPET	CYAN_CARPET
CARPET	10	PURPLE_CARPET	PURPLE_CARPET
CARPET	11	BLUE_CARPET	BLUE_CARPET
CARPET	12	BROWN_CARPET	BROWN_CARPET
CARPET	13	GREEN_CARPET	GREEN_CARPET
CARPET	14	RED_CARPET	RED_CARPET
CARPET	15	BLACK_CARPET	BLACK_CARPET
HARD_CLAY	0	TERRACOTTA	TERRACOTTA
HARD_CLAY	1	TERRACOTTA	TERRACOTTA
HARD_CLAY	2	TERRACOTTA	TERRACOTTA
HARD_CLAY	3	TERRACOTTA	TERRACOTTA
HARD_CLAY	4	TERRACOTTA	TERRACOTTA
HARD_CLAY	5	TERRACOTTA	TERRACOTTA
HARD_CLAY	6	TERRACOTTA	TERRACOTTA
HARD_CLAY	7	TERRACOTTA	TERRACOTTA
HARD_CLAY	8	TERRACOTTA	TERRACOTTA
HARD_CLAY	9	TERRACOTTA	TERRACOTTA
HARD_CLAY	10	TERRACOTTA	TERRACOTTA
HARD_CLAY	11	TERRACOTTA	TERRACOTTA
HARD_CLAY	12	TERRACOTTA	TERRACOTTA
HARD_CLAY	13	TERRACOTTA	TERRACOTTA
HARD_CLAY	14	TERRACOTTA	TERRACOTTA
HARD_CLAY	15	TERRACOTTA	TERRACOTTA
COAL_BLOCK	0	COAL_BLOCK	COAL_BLOCK
COAL_BLOCK	1	COAL_BLOCK	COAL_BLOCK
COAL_BLOCK	2	COAL_BLOCK	COAL_BLOCK
COAL_BLOCK	3	COAL_BLOCK	COAL_BLOCK
COAL_BLOCK	4	COAL_BLOCK	COAL_BLOCK
COAL_BLOCK	5	COAL_BLOCK	COAL_BLOCK
COAL_BLOCK	6	COAL_BLOCK	COAL_BLOCK
COAL_BLOCK	7	COAL_BLOCK	COAL_BLOCK
COAL_BLOCK	8	COAL_BLOCK	COAL_BLOCK
COAL_BLOCK	9	COAL_BLOCK	COAL_BLOCK
COAL_BLOCK	10	COAL_BLOCK	COAL_BLOCK
COAL_BLOCK	11	COAL_BLOCK	COAL_BLOCK
COAL_BLOCK	12	COAL_BLOCK	COAL_BLOCK
COAL_BLOCK	13	COAL_BLOCK	COAL_BLOCK
COAL_BLOCK	14	COAL_BLOCK	COAL_BLOCK
COAL_BLOCK	15	COAL_BLOCK	COAL_BLOCK
PACKED_ICE	0	PACKED_ICE	PACKED_ICE
PACKED_ICE	1	PACKED_ICE	PACKED_ICE
PACKED_ICE	2	PACKED_ICE	PACKED_ICE
PACKED_ICE	3	PACKED_ICE	PACKED_ICE
PACKED_ICE	4	PACKED_ICE	PACKED_ICE
PACKED_ICE	5	PACKED_ICE	PACKED_ICE
PACKED_ICE	6	PACKED_ICE	PACKED_ICE
PACKED_ICE	7	PACKED_ICE	PACKED_ICE
PACKED_ICE	8	PACKED_ICE	PACKED_ICE
PACKED_ICE	9	PACKED_ICE	PACKED_ICE
PACKED_ICE	10	PACKED_ICE	PACKED_ICE
PACKED_ICE	11	PACKED_ICE	PACKED_ICE
PACKED_ICE	12	PACKED_ICE	PACKED_ICE
PACKED_ICE	13	PACKED_ICE	PACKED_ICE
PACKED_ICE	14	PACKED_ICE	PACKED_ICE
PACKED_ICE	15	PACKED_ICE	PACKED_ICE
DOUBLE_PLANT	0	SUNFLOWER	SUNFLOWER
DOUBLE_PLANT	1	LILAC	LILAC
DOUBLE_PLANT	2	TALL_GRASS	TALL_GRASS
DOUBLE_PLANT	3	LARGE_FERN	LARGE_FERN
DOUBLE_PLANT	4	ROSE_BUSH	ROSE_BUSH
DOUBLE_PLANT	5	PEONY	PEONY
DOUBLE_PLANT	6	SUNFLOWER	SUNFLOWER
DOUBLE_PLANT	7	SUNFLOWER	SUNFLOWER
DOUBLE_PLANT	8	PEONY	SUNFLOWER
DOUBLE_PLANT	9	PEONY	SUNFLOWER
DOUBLE_PLANT	10	PEONY	SUNFLOWER
DOUBLE_PLANT	11	PEONY	SUNFLOWER
DOUBLE_PLANT	12	SUNFLOWER	SUNFLOWER
DOUBLE_PLANT	13	SUNFLOWER	SUNFLOWER
DOUBLE_PLANT	14	SUNFLOWER	SUNFLOWER
DOUBLE_PLANT	15	SUNFLOWER	SUNFLOWER
STANDING_BANNER	0	WHITE_BANNER	
STANDING_BANNER	1	WHITE_BANNER	
STANDING_BANNER	2	WHITE_BANNER	
STANDING_BANNER	3	WHITE_BANNER	
STANDING_BANNER	4	WHITE_BANNER	
STANDING_BANNER	5	WHITE_BANNER	
STANDING_BANNER	6	WHITE_BANNER	
STANDING_BANNER	7	WHITE_BANNER	
STANDING_BANNER	8	WHITE_BANNER	
STANDING_BANNER	9	WHITE_BANNER	
STANDING_BANNER	10	WHITE_BANNER	
STANDING_BANNER	11	WHITE_BANNER	
STANDING_BANNER	12	WHITE_BANNER	
STANDING_BANNER	13	WHITE_BANNER	
STANDING_BANNER	14	WHITE_BANNER	
STANDING_BANNER	15	WHITE_BANNER	
WALL_BANNER	2	WHITE_WALL_BANNER	
WALL_BANNER	3	WHITE_WALL_BANNER	
WALL_BANNER	4	WHITE_WALL_BANNER	
WALL_BANNER	5	WHITE_WALL_BANNER	
DAYLIGHT_DETECTOR_INVERTED	0	DAYLIGHT_DETECTOR	
DAYLIGHT_DETECTOR_INVERTED	1	DAYLIGHT_DETECTOR	
DAYLIGHT_DETECTOR_INVERTED	2	DAYLIGHT_DETECTOR	
DAYLIGHT_DETECTOR_INVERTED	3	DAYLIGHT_DETECTOR	
DAYLIGHT_DETECTOR_INVERTED	4	DAYLIGHT_DETECTOR	
DAYLIGHT_DETECTOR_INVERTED	5	DAYLIGHT_DETECTOR	
DAYLIGHT_DETECTOR_INVERTED	6	DAYLIGHT_DETECTOR	
DAYLIGHT_DETECTOR_INVERTED	7	DAYLIGHT_DETECTOR	
DAYLIGHT_DETECTOR_INVERTED	8	DAYLIGHT_DETECTOR	
DAYLIGHT_DETECTOR_INVERTED	9	DAYLIGHT_DETECTOR	
DAYLIGHT_DETECTOR_INVERTED	10	DAYLIGHT_DETECTOR	
DAYLIGHT_DETECTOR_INVERTED	11	DAYLIGHT_DETECTOR	
DAYLIGHT_DETECTOR_INVERTED	12	DAYLIGHT_DETECTOR	
DAYLIGHT_DETECTOR_INVERTED	13	DAYLIGHT_DETECTOR	
DAYLIGHT_DETECTOR_INVERTED	14	DAYLIGHT_DETECTOR	
DAYLIGHT_DETECTOR_INVERTED	15	DAYLIGHT_DETECTOR	
RED_SANDSTONE	0	RED_SANDSTONE	RED_SANDSTONE
RED_SANDSTONE	1	CHISELED_RED_SANDSTONE	CHISELED_RED_SANDSTONE
RED_SANDSTONE	2	CUT_RED_SANDSTONE	CUT_RED_SANDSTONE
RED_SANDSTONE_STAIRS	0	RED_SANDSTONE_STAIRS	RED_SANDSTONE_STAIRS
RED_SANDSTONE_STAIRS	1	RED_SANDSTONE_STAIRS	RED_SANDSTONE_STAIRS
RED_SANDSTONE_STAIRS	2	RED_SANDSTONE_STAIRS	RED_SANDSTONE_STAIRS
RED_SANDSTONE_STAIRS	3	RED_SANDSTONE_STAIRS	RED_SANDSTONE_STAIRS
RED_SANDSTONE_STAIRS	4	RED_SANDSTONE_STAIRS	RED_SANDSTONE_STAIRS
RED_SANDSTONE_STAIRS	5	RED_SANDSTONE_STAIRS	RED_SANDSTONE_STAIRS
RED_SANDSTONE_STAIRS	6	RED_SANDSTONE_STAIRS	RED_SANDSTONE_STAIRS
RED_SANDSTONE_STAIRS	7	RED_SANDSTONE_STAIRS	RED_SANDSTONE_STAIRS
DOUBLE_STONE_SLAB2	0	RED_SANDSTONE_SLAB	
DOUBLE_STONE_SLAB2	8	SMOOTH_RED_SANDSTONE	
STONE_SLAB2	0	RED_SANDSTONE_SLAB	RED_SANDSTONE_SLAB
STONE_SLAB2	8	RED_SANDSTONE_SLAB	RED_SANDSTONE_SLAB
SPRUCE_FENCE_GATE	0	SPRUCE_FENCE_GATE	SPRUCE_FENCE_GATE
SPRUCE_FENCE_GATE	1	SPRUCE_FENCE_GATE	SPRUCE_FENCE_GATE
SPRUCE_FENCE_GATE	2	SPRUCE_FENCE_GATE	SPRUCE_FENCE_GATE
SPRUCE_FENCE_GATE	3	SPRUCE_FENCE_GATE	SPRUCE_FENCE_GATE
SPRUCE_FENCE_GATE	4	SPRUCE_FENCE_GATE	SPRUCE_FENCE_GATE
SPRUCE_FENCE_GATE	5	SPRUCE_FENCE_GATE	SPRUCE_FENCE_GATE
SPRUCE_FENCE_GATE	6	SPRUCE_FENCE_GATE	SPRUCE_FENCE_GATE
SPRUCE_FENCE_GATE	7	SPRUCE_FENCE_GATE	SPRUCE_FENCE_GATE
SPRUCE_FENCE_GATE	8	SPRUCE_FENCE_GATE	SPRUCE_FENCE_GATE
SPRUCE_FENCE_GATE	9	SPRUCE_FENCE_GATE	SPRUCE_FENCE_GATE
SPRUCE_FENCE_GATE	10	SPRUCE_FENCE_GATE	SPRUCE_FENCE_GATE
SPRUCE_FENCE_GATE	11	SPRUCE_FENCE_GATE	SPRUCE_FENCE_GATE
SPRUCE_FENCE_GATE	12	SPRUCE_FENCE_GATE	SPRUCE_FENCE_GATE
SPRUCE_FENCE_GATE	13	SPRUCE_FENCE_GATE	SPRUCE_FENCE_GATE
SPRUCE_FENCE_GATE	14	SPRUCE_FENCE_GATE	SPRUCE_FENCE_GATE
SPRUCE_FENCE_GATE	15	SPRUCE_FENCE_GATE	SPRUCE_FENCE_GATE
BIRCH_FENCE_GATE	0	BIRCH_FENCE_GATE	BIRCH_FENCE_GATE
BIRCH_FENCE_GATE	1	BIRCH_FENCE_GATE	BIRCH_FENCE_GATE
BIRCH_FENCE_GATE	2	BIRCH_FENCE_GATE	BIRCH_FENCE_GATE
BIRCH_FENCE_GATE	3	BIRCH_FENCE_GATE	BIRCH_FENCE_GATE
BIRCH_FENCE_GATE	4	BIRCH_FENCE_GATE	BIRCH_FENCE_GATE
BIRCH_FENCE_GATE	5	BIRCH_FENCE_GATE	BIRCH_FENCE_GATE
BIRCH_FENCE_GATE	6	BIRCH_FENCE_GATE	BIRCH_FENCE_GATE
BIRCH_FENCE_GATE	7	BIRCH_FENCE_GATE	BIRCH_FENCE_GATE
BIRCH_FENCE_GATE	8	BIRCH_FENCE_GATE	BIRCH_FENCE_GATE
BIRCH_FENCE_GATE	9	BIRCH_FENCE_GATE	BIRCH_FENCE_GATE
BIRCH_FENCE_GATE	10	BIRCH_FENCE_GATE	BIRCH_FENCE_GATE
BIRCH_FENCE_GATE	11	BIRCH_FENCE_GATE	BIRCH_FENCE_GATE
BIRCH_FENCE_GATE	12	BIRCH_FENCE_GATE	BIRCH_FENCE_GATE
BIRCH_FENCE_GATE	13	BIRCH_FENCE_GATE	BIRCH_FENCE_GATE
BIRCH_FENCE_GATE	14	BIRCH_FENCE_GATE	BIRCH_FENCE_GATE
BIRCH_FENCE_GATE	15	BIRCH_FENCE_GATE	BIRCH_FENCE_GATE
JUNGLE_FENCE_GATE	0	JUNGLE_FENCE_GATE	JUNGLE_FENCE_GATE
JUNGLE_FENCE_GATE	1	JUNGLE_FENCE_GATE	JUNGLE_FENCE_GATE
JUNGLE_FENCE_GATE	2	JUNGLE_FENCE_GATE	JUNGLE_FENCE_GATE
JUNGLE_FENCE_GATE	3	JUNGLE_FENCE_GATE	JUNGLE_FENCE_GATE
JUNGLE_FENCE_GATE	4	JUNGLE_FENCE_GATE	JUNGLE_FENCE_GATE
JUNGLE_FENCE_GATE	5	JUNGLE_FENCE_GATE	JUNGLE_FENCE_GATE
JUNGLE_FENCE_GATE	6	JUNGLE_FENCE_GATE	JUNGLE_FENCE_GATE
JUNGLE_FENCE_GATE	7	JUNGLE_FENCE_GATE	JUNGLE_FENCE_GATE
JUNGLE_FENCE_GATE	8	JUNGLE_FENCE_GATE	JUNGLE_FENCE_GATE
JUNGLE_FENCE_GATE	9	JUNGLE_FENCE_GATE	JUNGLE_FENCE_GATE
JUNGLE_FENCE_GATE	10	JUNGLE_FENCE_GATE	JUNGLE_FENCE_GATE
JUNGLE_FENCE_GATE	11	JUNGLE_FENCE_GATE	JUNGLE_FENCE_GATE
JUNGLE_FENCE_GATE	12	JUNGLE_FENCE_GATE	JUNGLE_FENCE_GATE
JUNGLE_FENCE_GATE	13	JUNGLE_FENCE_GATE	JUNGLE_FENCE_GATE
JUNGLE_FENCE_GATE	14	JUNGLE_FENCE_GATE	JUNGLE_FENCE_GATE
JUNGLE_FENCE_GATE	15	JUNGLE_FENCE_GATE	JUNGLE_FENCE_GATE
DARK_OAK_FENCE_GATE	0	DARK_OAK_FENCE_GATE	DARK_OAK_FENCE_GATE
DARK_OAK_FENCE_GATE	1	DARK_OAK_FENCE_GATE	DARK_OAK_FENCE_GATE
DARK_OAK_FENCE_GATE	2	DARK_OAK_FENCE_GATE	DARK_OAK_FENCE_GATE
DARK_OAK_FENCE_GATE	3	DARK_OAK_FENCE_GATE	DARK_OAK_FENCE_GATE
DARK_OAK_FENCE_GATE	4	DARK_OAK_FENCE_GATE	DARK_OAK_FENCE_GATE
DARK_OAK_FENCE_GATE	5	DARK_OAK_FENCE_GATE	DARK_OAK_FENCE_GATE
DARK_OAK_FENCE_GATE	6	DARK_OAK_FENCE_GATE	DARK_OAK_FENCE_GATE
DARK_OAK_FENCE_GATE	7	DARK_OAK_FENCE_GATE	DARK_OAK_FENCE_GATE
DARK_OAK_FENCE_GATE	8	DARK_OAK_FENCE_GATE	DARK_OAK_FENCE_GATE
DARK_OAK_FENCE_GATE	9	DARK_OAK_FENCE_GATE	DARK_OAK_FENCE_GATE
DARK_OAK_FENCE_GATE	10	DARK_OAK_FENCE_GATE	DARK_OAK_FENCE_GATE
DARK_OAK_FENCE_GATE	11	DARK_OAK_FENCE_GATE	DARK_OAK_FENCE_GATE
DARK_OAK_FENCE_GATE	12	DARK_OAK_FENCE_GATE	DARK_OAK_FENCE_GATE
DARK_OAK_FENCE_GATE	13	DARK_OAK_FENCE_GATE	DARK_OAK_FENCE_GATE
DARK_OAK_FENCE_GATE	14	DARK_OAK_FENCE_GATE	DARK_OAK_FENCE_GATE
DARK_OAK_FENCE_GATE	15	DARK_OAK_FENCE_GATE	DARK_OAK_FENCE_GATE
ACACIA_FENCE_GATE	0	ACACIA_FENCE_GATE	ACACIA_FENCE_GATE
ACACIA_FENCE_GATE	1	ACACIA_FENCE_GATE	ACACIA_FENCE_GATE
ACACIA_FENCE_GATE	2	ACACIA_FENCE_GATE	ACACIA_FENCE_GATE
ACACIA_FENCE_GATE	3	ACACIA_FENCE_GATE	ACACIA_FENCE_GATE
ACACIA_FENCE_GATE	4	ACACIA_FENCE_GATE	ACACIA_FENCE_GATE
ACACIA_FENCE_GATE	5	ACACIA_FENCE_GATE	ACACIA_FENCE_GATE
ACACIA_FENCE_GATE	6	ACACIA_FENCE_GATE	ACACIA_FENCE_GATE
ACACIA_FENCE_GATE	7	ACACIA_FENCE_GATE	ACACIA_FENCE_GATE
ACACIA_FENCE_GATE	8	ACACIA_FENCE_GATE	ACACIA_FENCE_GATE
ACACIA_FENCE_GATE	9	ACACIA_FENCE_GATE	ACACIA_FENCE_GATE
ACACIA_FENCE_GATE	10	ACACIA_FENCE_GATE	ACACIA_FENCE_GATE
ACACIA_FENCE_GATE	11	ACACIA_FENCE_GATE	ACACIA_FENCE_GATE
ACACIA_FENCE_GATE	12	ACACIA_FENCE_GATE	ACACIA_FENCE_GATE
ACACIA_FENCE_GATE	13	ACACIA_FENCE_GATE	ACACIA_FENCE_GATE
ACACIA_FENCE_GATE	14	ACACIA_FENCE_GATE	ACACIA_FENCE_GATE
ACACIA_FENCE_GATE	15	ACACIA_FENCE_GATE	ACACIA_FENCE_GATE
SPRUCE_FENCE	0	SPRUCE_FENCE	SPRUCE_FENCE
BIRCH_FENCE	0	BIRCH_FENCE	BIRCH_FENCE
JUNGLE_FENCE	0	JUNGLE_FENCE	JUNGLE_FENCE
DARK_OAK_FENCE	0	DARK_OAK_FENCE	DARK_OAK_FENCE
ACACIA_FENCE	0	ACACIA_FENCE	ACACIA_FENCE
SPRUCE_DOOR	0	SPRUCE_DOOR	
SPRUCE_DOOR	1	SPRUCE_DOOR	
SPRUCE_DOOR	2	SPRUCE_DOOR	
SPRUCE_DOOR	3	SPRUCE_DOOR	
SPRUCE_DOOR	4	SPRUCE_DOOR	
SPRUCE_DOOR	5	SPRUCE_DOOR	
SPRUCE_DOOR	6	SPRUCE_DOOR	
SPRUCE_DOOR	7	SPRUCE_DOOR	
SPRUCE_DOOR	8	SPRUCE_DOOR	
SPRUCE_DOOR	9	SPRUCE_DOOR	
SPRUCE_DOOR	10	SPRUCE_DOOR	
SPRUCE_DOOR	11	SPRUCE_DOOR	
BIRCH_DOOR	0	BIRCH_DOOR	
BIRCH_DOOR	1	BIRCH_DOOR	
BIRCH_DOOR	2	BIRCH_DOOR	
BIRCH_DOOR	3	BIRCH_DOOR	
BIRCH_DOOR	4	BIRCH_DOOR	
BIRCH_DOOR	5	BIRCH_DOOR	
BIRCH_DOOR	6	BIRCH_DOOR	
BIRCH_DOOR	7	BIRCH_DOOR	
BIRCH_DOOR	8	BIRCH_DOOR	
BIRCH_DOOR	9	BIRCH_DOOR	
BIRCH_DOOR	10	BIRCH_DOOR	
BIRCH_DOOR	11	BIRCH_DOOR	
JUNGLE_DOOR	0	JUNGLE_DOOR	
JUNGLE_DOOR	1	JUNGLE_DOOR	
JUNGLE_DOOR	2	JUNGLE_DOOR	
JUNGLE_DOOR	3	JUNGLE_DOOR	
JUNGLE_DOOR	4	JUNGLE_DOOR	
JUNGLE_DOOR	5	JUNGLE_DOOR	
JUNGLE_DOOR	6	JUNGLE_DOOR	
JUNGLE_DOOR	7	JUNGLE_DOOR	
JUNGLE_DOOR	8	JUNGLE_DOOR	
JUNGLE_DOOR	9	JUNGLE_DOOR	
JUNGLE_DOOR	10	JUNGLE_DOOR	
JUNGLE_DOOR	11	JUNGLE_DOOR	
ACACIA_DOOR	0	ACACIA_DOOR	
ACACIA_DOOR	1	ACACIA_DOOR	
ACACIA_DOOR	2	ACACIA_DOOR	
ACACIA_DOOR	3	ACACIA_DOOR	
ACACIA_DOOR	4	ACACIA_DOOR	
ACACIA_DOOR	5	ACACIA_DOOR	
ACACIA_DOOR	6	ACACIA_DOOR	
ACACIA_DOOR	7	ACACIA_DOOR	
ACACIA_DOOR	8	ACACIA_DOOR	
ACACIA_DOOR	9	ACACIA_DOOR	
ACACIA_DOOR	10	ACACIA_DOOR	
ACACIA_DOOR	11	ACACIA_DOOR	
DARK_OAK_DOOR	0	DARK_OAK_DOOR	
DARK_OAK_DOOR	1	DARK_OAK_DOOR	
DARK_OAK_DOOR	2	DARK_OAK_DOOR	
DARK_OAK_DOOR	3	DARK_OAK_DOOR	
DARK_OAK_DOOR	4	DARK_OAK_DOOR	
DARK_OAK_DOOR	5	DARK_OAK_DOOR	
DARK_OAK_DOOR	6	DARK_OAK_DOOR	
DARK_OAK_DOOR	7	DARK_OAK_DOOR	
DARK_OAK_DOOR	8	DARK_OAK_DOOR	
DARK_OAK_DOOR	9	DARK_OAK_DOOR	
DARK_OAK_DOOR	10	DARK_OAK_DOOR	
DARK_OAK_DOOR	11	DARK_OAK_DOOR	
END_ROD	0	END_ROD	END_ROD
END_ROD	1	END_ROD	END_ROD
END_ROD	2	END_ROD	END_ROD
END_ROD	3	END_ROD	END_ROD
END_ROD	4	END_ROD	END_ROD
END_ROD	5	END_ROD	END_ROD
CHORUS_PLANT	0	CHORUS_PLANT	CHORUS_PLANT
CHORUS_FLOWER	0	CHORUS_FLOWER	CHORUS_FLOWER
CHORUS_FLOWER	1	CHORUS_FLOWER	CHORUS_FLOWER
CHORUS_FLOWER	2	CHORUS_FLOWER	CHORUS_FLOWER
CHORUS_FLOWER	3	CHORUS_FLOWER	CHORUS_FLOWER
CHORUS_FLOWER	4	CHORUS_FLOWER	CHORUS_FLOWER
CHORUS_FLOWER	5	CHORUS_FLOWER	CHORUS_FLOWER
PURPUR_BLOCK	0	PURPUR_BLOCK	PURPUR_BLOCK
PURPUR_PILLAR	0	PURPUR_PILLAR	PURPUR_PILLAR
PURPUR_PILLAR	4	PURPUR_PILLAR	PURPUR_PILLAR
PURPUR_PILLAR	8	PURPUR_PILLAR	PURPUR_PILLAR
PURPUR_STAIRS	0	PURPUR_STAIRS	PURPUR_STAIRS
PURPUR_STAIRS	1	PURPUR_STAIRS	PURPUR_STAIRS
PURPUR_STAIRS	2	PURPUR_STAIRS	PURPUR_STAIRS
PURPUR_STAIRS	3	PURPUR_STAIRS	PURPUR_STAIRS
PURPUR_STAIRS	4	PURPUR_STAIRS	PURPUR_STAIRS
PURPUR_STAIRS	5	PURPUR_STAIRS	PURPUR_STAIRS
PURPUR_STAIRS	6	PURPUR_STAIRS	PURPUR_STAIRS
PURPUR_STAIRS	7	PURPUR_STAIRS	PURPUR_STAIRS
PURPUR_DOUBLE_SLAB	0	PURPUR_SLAB	
PURPUR_SLAB	0	PURPUR_SLAB	PURPUR_SLAB
PURPUR_SLAB	8	PURPUR_SLAB	PURPUR_SLAB
END_BRICKS	0	END_STONE_BRICKS	END_STONE_BRICKS
BEETROOT_BLOCK	0	BEETROOTS	
BEETROOT_BLOCK	1	BEETROOTS	
BEETROOT_BLOCK	2	BEETROOTS	
BEETROOT_BLOCK	3	BEETROOTS	
GRASS_PATH	0	DIRT_PATH	DIRT_PATH
END_GATEWAY	0	END_GATEWAY	
COMMAND_REPEATING	0	REPEATING_COMMAND_BLOCK	REPEATING_COMMAND_BLOCK
COMMAND_REPEATING	1	REPEATING_COMMAND_BLOCK	REPEATING_COMMAND_BLOCK
COMMAND_REPEATING	2	REPEATING_COMMAND_BLOCK	REPEATING_COMMAND_BLOCK
COMMAND_REPEATING	3	REPEATING_COMMAND_BLOCK	REPEATING_COMMAND_BLOCK
COMMAND_REPEATING	4	REPEATING_COMMAND_BLOCK	REPEATING_COMMAND_BLOCK
COMMAND_REPEATING	5	REPEATING_COMMAND_BLOCK	REPEATING_COMMAND_BLOCK
COMMAND_REPEATING	8	REPEATING_COMMAND_BLOCK	REPEATING_COMMAND_BLOCK
COMMAND_REPEATING	9	REPEATING_COMMAND_BLOCK	REPEATING_COMMAND_BLOCK
COMMAND_REPEATING	10	REPEATING_COMMAND_BLOCK	REPEATING_COMMAND_BLOCK
COMMAND_REPEATING	11	REPEATING_COMMAND_BLOCK	REPEATING_COMMAND_BLOCK
COMMAND_REPEATING	12	REPEATING_COMMAND_BLOCK	REPEATING_COMMAND_BLOCK
COMMAND_REPEATING	13	REPEATING_COMMAND_BLOCK	REPEATING_COMMAND_BLOCK
COMMAND_CHAIN	0	CHAIN_COMMAND_BLOCK	CHAIN_COMMAND_BLOCK
COMMAND_CHAIN	1	CHAIN_COMMAND_BLOCK	CHAIN_COMMAND_BLOCK
COMMAND_CHAIN	2	CHAIN_COMMAND_BLOCK	CHAIN_COMMAND_BLOCK
COMMAND_CHAIN	3	CHAIN_COMMAND_BLOCK	CHAIN_COMMAND_BLOCK
COMMAND_CHAIN	4	CHAIN_COMMAND_BLOCK	CHAIN_COMMAND_BLOCK
COMMAND_CHAIN	5	CHAIN_COMMAND_BLOCK	CHAIN_COMMAND_BLOCK
COMMAND_CHAIN	8	CHAIN_COMMAND_BLOCK	CHAIN_COMMAND_BLOCK
COMMAND_CHAIN	9	CHAIN_COMMAND_BLOCK	CHAIN_COMMAND_BLOCK
COMMAND_CHAIN	10	CHAIN_COMMAND_BLOCK	CHAIN_COMMAND_BLOCK
COMMAND_CHAIN	11	CHAIN_COMMAND_BLOCK	CHAIN_COMMAND_BLOCK
COMMAND_CHAIN	12	CHAIN_COMMAND_BLOCK	CHAIN_COMMAND_BLOCK
COMMAND_CHAIN	13	CHAIN_COMMAND_BLOCK	CHAIN_COMMAND_BLOCK
FROSTED_ICE	0	FROSTED_ICE	
FROSTED_ICE	1	FROSTED_ICE	
FROSTED_ICE	2	FROSTED_ICE	
FROSTED_ICE	3	FROSTED_ICE	
MAGMA	0	MAGMA_BLOCK	MAGMA_BLOCK
NETHER_WART_BLOCK	0	NETHER_WART_BLOCK	NETHER_WART_BLOCK
RED_NETHER_BRICK	0	RED_NETHER_BRICKS	RED_NETHER_BRICKS
BONE_BLOCK	0	BONE_BLOCK	BONE_BLOCK
BONE_BLOCK	4	BONE_BLOCK	BONE_BLOCK
BONE_BLOCK	8	BONE_BLOCK	BONE_BLOCK
STRUCTURE_VOID	0	STRUCTURE_VOID	STRUCTURE_VOID
OBSERVER	0	OBSERVER	OBSERVER
OBSERVER	1	OBSERVER	OBSERVER
OBSERVER	2	OBSERVER	OBSERVER
OBSERVER	3	OBSERVER	OBSERVER
OBSERVER	4	OBSERVER	OBSERVER
OBSERVER	5	OBSERVER	OBSERVER
OBSERVER	8	OBSERVER	OBSERVER
OBSERVER	9	OBSERVER	OBSERVER
OBSERVER	10	OBSERVER	OBSERVER
OBSERVER	11	OBSERVER	OBSERVER
OBSERVER	12	OBSERVER	OBSERVER
OBSERVER	13	OBSERVER	OBSERVER
WHITE_SHULKER_BOX	0	WHITE_SHULKER_BOX	WHITE_SHULKER_BOX
WHITE_SHULKER_BOX	1	WHITE_SHULKER_BOX	WHITE_SHULKER_BOX
WHITE_SHULKER_BOX	2	WHITE_SHULKER_BOX	WHITE_SHULKER_BOX
WHITE_SHULKER_BOX	3	WHITE_SHULKER_BOX	WHITE_SHULKER_BOX
WHITE_SHULKER_BOX	4	WHITE_SHULKER_BOX	WHITE_SHULKER_BOX
WHITE_SHULKER_BOX	5	WHITE_SHULKER_BOX	WHITE_SHULKER_BOX
ORANGE_SHULKER_BOX	0	ORANGE_SHULKER_BOX	ORANGE_SHULKER_BOX
ORANGE_SHULKER_BOX	1	ORANGE_SHULKER_BOX	ORANGE_SHULKER_BOX
ORANGE_SHULKER_BOX	2	ORANGE_SHULKER_BOX	ORANGE_SHULKER_BOX
ORANGE_SHULKER_BOX	3	ORANGE_SHULKER_BOX	ORANGE_SHULKER_BOX
ORANGE_SHULKER_BOX	4	ORANGE_SHULKER_BOX	ORANGE_SHULKER_BOX
ORANGE_SHULKER_BOX	5	ORANGE_SHULKER_BOX	ORANGE_SHULKER_BOX
MAGENTA_SHULKER_BOX	0	MAGENTA_SHULKER_BOX	MAGENTA_SHULKER_BOX
MAGENTA_SHULKER_BOX	1	MAGENTA_SHULKER_BOX	MAGENTA_SHULKER_BOX
MAGENTA_SHULKER_BOX	2	MAGENTA_SHULKER_BOX	MAGENTA_SHULKER_BOX
MAGENTA_SHULKER_BOX	3	MAGENTA_SHULKER_BOX	MAGENTA_SHULKER_BOX
MAGENTA_SHULKER_BOX	4	MAGENTA_SHULKER_BOX	MAGENTA_SHULKER_BOX
MAGENTA_SHULKER_BOX	5	MAGENTA_SHULKER_BOX	MAGENTA_SHULKER_BOX
LIGHT_BLUE_SHULKER_BOX	0	LIGHT_BLUE_SHULKER_BOX	LIGHT_BLUE_SHULKER_BOX
LIGHT_BLUE_SHULKER_BOX	1	LIGHT_BLUE_SHULKER_BOX	LIGHT_BLUE_SHULKER_BOX
LIGHT_BLUE_SHULKER_BOX	2	LIGHT_BLUE_SHULKER_BOX	LIGHT_BLUE_SHULKER_BOX
LIGHT_BLUE_SHULKER_BOX	3	LIGHT_BLUE_SHULKER_BOX	LIGHT_BLUE_SHULKER_BOX
LIGHT_BLUE_SHULKER_BOX	4	LIGHT_BLUE_SHULKER_BOX	LIGHT_BLUE_SHULKER_BOX
LIGHT_BLUE_SHULKER_BOX	5	LIGHT_BLUE_SHULKER_BOX	LIGHT_BLUE_SHULKER_BOX
YELLOW_SHULKER_BOX	0	YELLOW_SHULKER_BOX	YELLOW_SHULKER_BOX
YELLOW_SHULKER_BOX	1	YELLOW_SHULKER_BOX	YELLOW_SHULKER_BOX
YELLOW_SHULKER_BOX	2	YELLOW_SHULKER_BOX	YELLOW_SHULKER_BOX
YELLOW_SHULKER_BOX	3	YELLOW_SHULKER_BOX	YELLOW_SHULKER_BOX
YELLOW_SHULKER_BOX	4	YELLOW_SHULKER_BOX	YELLOW_SHULKER_BOX
YELLOW_SHULKER_BOX	5	YELLOW_SHULKER_BOX	YELLOW_SHULKER_BOX
LIME_SHULKER_BOX	0	LIME_SHULKER_BOX	LIME_SHULKER_BOX
LIME_SHULKER_BOX	1	LIME_SHULKER_BOX	LIME_SHULKER_BOX
LIME_SHULKER_BOX	2	LIME_SHULKER_BOX	LIME_SHULKER_BOX
LIME_SHULKER_BOX	3	LIME_SHULKER_BOX	LIME_SHULKER_BOX
LIME_SHULKER_BOX	4	LIME_SHULKER_BOX	LIME_SHULKER_BOX
LIME_SHULKER_BOX	5	LIME_SHULKER_BOX	LIME_SHULKER_BOX
PINK_SHULKER_BOX	0	PINK_SHULKER_BOX	PINK_SHULKER_BOX
PINK_SHULKER_BOX	1	PINK_SHULKER_BOX	PINK_SHULKER_BOX
PINK_SHULKER_BOX	2	PINK_SHULKER_BOX	PINK_SHULKER_BOX
PINK_SHULKER_BOX	3	PINK_SHULKER_BOX	PINK_SHULKER_BOX
PINK_SHULKER_BOX	4	PINK_SHULKER_BOX	PINK_SHULKER_BOX
PINK_SHULKER_BOX	5	PINK_SHULKER_BOX	PINK_SHULKER_BOX
GRAY_SHULKER_BOX	0	GRAY_SHULKER_BOX	GRAY_SHULKER_BOX
GRAY_SHULKER_BOX	1	GRAY_SHULKER_BOX	GRAY_SHULKER_BOX
GRAY_SHULKER_BOX	2	GRAY_SHULKER_BOX	GRAY_SHULKER_BOX
GRAY_SHULKER_BOX	3	GRAY_SHULKER_BOX	GRAY_SHULKER_BOX
GRAY_SHULKER_BOX	4	GRAY_SHULKER_BOX	GRAY_SHULKER_BOX
GRAY_SHULKER_BOX	5	GRAY_SHULKER_BOX	GRAY_SHULKER_BOX
SILVER_SHULKER_BOX	0	LIGHT_GRAY_SHULKER_BOX	LIGHT_GRAY_SHULKER_BOX
SILVER_SHULKER_BOX	1	LIGHT_GRAY_SHULKER_BOX	LIGHT_GRAY_SHULKER_BOX
SILVER_SHULKER_BOX	2	LIGHT_GRAY_SHULKER_BOX	LIGHT_GRAY_SHULKER_BOX
SILVER_SHULKER_BOX	3	LIGHT_GRAY_SHULKER_BOX	LIGHT_GRAY_SHULKER_BOX
SILVER_SHULKER_BOX	4	LIGHT_GRAY_SHULKER_BOX	LIGHT_GRAY_SHULKER_BOX
SILVER_SHULKER_BOX	5	LIGHT_GRAY_SHULKER_BOX	LIGHT_GRAY_SHULKER_BOX
CYAN_SHULKER_BOX	0	CYAN_SHULKER_BOX	CYAN_SHULKER_BOX
CYAN_SHULKER_BOX	1	CYAN_SHULKER_BOX	CYAN_SHULKER_BOX
CYAN_SHULKER_BOX	2	CYAN_SHULKER_BOX	CYAN_SHULKER_BOX
CYAN_SHULKER_BOX	3	CYAN_SHULKER_BOX	CYAN_SHULKER_BOX
CYAN_SHULKER_BOX	4	CYAN_SHULKER_BOX	CYAN_SHULKER_BOX
CYAN_SHULKER_BOX	5	CYAN_SHULKER_BOX	CYAN_SHULKER_BOX
PURPLE_SHULKER_BOX	0	PURPLE_SHULKER_BOX	PURPLE_SHULKER_BOX
PURPLE_SHULKER_BOX	1	PURPLE_SHULKER_BOX	PURPLE_SHULKER_BOX
PURPLE_SHULKER_BOX	2	PURPLE_SHULKER_BOX	PURPLE_SHULKER_BOX
PURPLE_SHULKER_BOX	3	PURPLE_SHULKER_BOX	PURPLE_SHULKER_BOX
PURPLE_SHULKER_BOX	4	PURPLE_SHULKER_BOX	PURPLE_SHULKER_BOX
PURPLE_SHULKER_BOX	5	PURPLE_SHULKER_BOX	PURPLE_SHULKER_BOX
BLUE_SHULKER_BOX	0	BLUE_SHULKER_BOX	BLUE_SHULKER_BOX
BLUE_SHULKER_BOX	1	BLUE_SHULKER_BOX	BLUE_SHULKER_BOX
BLUE_SHULKER_BOX	2	BLUE_SHULKER_BOX	BLUE_SHULKER_BOX
BLUE_SHULKER_BOX	3	BLUE_SHULKER_BOX	BLUE_SHULKER_BOX
BLUE_SHULKER_BOX	4	BLUE_SHULKER_BOX	BLUE_SHULKER_BOX
BLUE_SHULKER_BOX	5	BLUE_SHULKER_BOX	BLUE_SHULKER_BOX
BROWN_SHULKER_BOX	0	BROWN_SHULKER_BOX	BROWN_SHULKER_BOX
BROWN_SHULKER_BOX	1	BROWN_SHULKER_BOX	BROWN_SHULKER_BOX
BROWN_SHULKER_BOX	2	BROWN_SHULKER_BOX	BROWN_SHULKER_BOX
BROWN_SHULKER_BOX	3	BROWN_SHULKER_BOX	BROWN_SHULKER_BOX
BROWN_SHULKER_BOX	4	BROWN_SHULKER_BOX	BROWN_SHULKER_BOX
BROWN_SHULKER_BOX	5	BROWN_SHULKER_BOX	BROWN_SHULKER_BOX
GREEN_SHULKER_BOX	0	GREEN_SHULKER_BOX	GREEN_SHULKER_BOX
GREEN_SHULKER_BOX	1	GREEN_SHULKER_BOX	GREEN_SHULKER_BOX
GREEN_SHULKER_BOX	2	GREEN_SHULKER_BOX	GREEN_SHULKER_BOX
GREEN_SHULKER_BOX	3	GREEN_SHULKER_BOX	GREEN_SHULKER_BOX
GREEN_SHULKER_BOX	4	GREEN_SHULKER_BOX	GREEN_SHULKER_BOX
GREEN_SHULKER_BOX	5	GREEN_SHULKER_BOX	GREEN_SHULKER_BOX
RED_SHULKER_BOX	0	RED_SHULKER_BOX	RED_SHULKER_BOX
RED_SHULKER_BOX	1	RED_SHULKER_BOX	RED_SHULKER_BOX
RED_SHULKER_BOX	2	RED_SHULKER_BOX	RED_SHULKER_BOX
RED_SHULKER_BOX	3	RED_SHULKER_BOX	RED_SHULKER_BOX
RED_SHULKER_BOX	4	RED_SHULKER_BOX	RED_SHULKER_BOX
RED_SHULKER_BOX	5	RED_SHULKER_BOX	RED_SHULKER_BOX
BLACK_SHULKER_BOX	0	BLACK_SHULKER_BOX	BLACK_SHULKER_BOX
BLACK_SHULKER_BOX	1	BLACK_SHULKER_BOX	BLACK_SHULKER_BOX
BLACK_SHULKER_BOX	2	BLACK_SHULKER_BOX	BLACK_SHULKER_BOX
BLACK_SHULKER_BOX	3	BLACK_SHULKER_BOX	BLACK_SHULKER_BOX
BLACK_SHULKER_BOX	4	BLACK_SHULKER_BOX	BLACK_SHULKER_BOX
BLACK_SHULKER_BOX	5	BLACK_SHULKER_BOX	BLACK_SHULKER_BOX
WHITE_GLAZED_TERRACOTTA	0	WHITE_GLAZED_TERRACOTTA	WHITE_GLAZED_TERRACOTTA
WHITE_GLAZED_TERRACOTTA	1	WHITE_GLAZED_TERRACOTTA	WHITE_GLAZED_TERRACOTTA
WHITE_GLAZED_TERRACOTTA	2	WHITE_GLAZED_TERRACOTTA	WHITE_GLAZED_TERRACOTTA
WHITE_GLAZED_TERRACOTTA	3	WHITE_GLAZED_TERRACOTTA	WHITE_GLAZED_TERRACOTTA
ORANGE_GLAZED_TERRACOTTA	0	ORANGE_GLAZED_TERRACOTTA	ORANGE_GLAZED_TERRACOTTA
ORANGE_GLAZED_TERRACOTTA	1	ORANGE_GLAZED_TERRACOTTA	ORANGE_GLAZED_TERRACOTTA
ORANGE_GLAZED_TERRACOTTA	2	ORANGE_GLAZED_TERRACOTTA	ORANGE_GLAZED_TERRACOTTA
ORANGE_GLAZED_TERRACOTTA	3	ORANGE_GLAZED_TERRACOTTA	ORANGE_GLAZED_TERRACOTTA
MAGENTA_GLAZED_TERRACOTTA	0	MAGENTA_GLAZED_TERRACOTTA	MAGENTA_GLAZED_TERRACOTTA
MAGENTA_GLAZED_TERRACOTTA	1	MAGENTA_GLAZED_TERRACOTTA	MAGENTA_GLAZED_TERRACOTTA
MAGENTA_GLAZED_TERRACOTTA	2	MAGENTA_GLAZED_TERRACOTTA	MAGENTA_GLAZED_TERRACOTTA
MAGENTA_GLAZED_TERRACOTTA	3	MAGENTA_GLAZED_TERRACOTTA	MAGENTA_GLAZED_TERRACOTTA
LIGHT_BLUE_GLAZED_TERRACOTTA	0	LIGHT_BLUE_GLAZED_TERRACOTTA	LIGHT_BLUE_GLAZED_TERRACOTTA
LIGHT_BLUE_GLAZED_TERRACOTTA	1	LIGHT_BLUE_GLAZED_TERRACOTTA	LIGHT_BLUE_GLAZED_TERRACOTTA
LIGHT_BLUE_GLAZED_TERRACOTTA	2	LIGHT_BLUE_GLAZED_TERRACOTTA	LIGHT_BLUE_GLAZED_TERRACOTTA
LIGHT_BLUE_GLAZED_TERRACOTTA	3	LIGHT_BLUE_GLAZED_TERRACOTTA	LIGHT_BLUE_GLAZED_TERRACOTTA
YELLOW_GLAZED_TERRACOTTA	0	YELLOW_GLAZED_TERRACOTTA	YELLOW_GLAZED_TERRACOTTA
YELLOW_GLAZED_TERRACOTTA	1	YELLOW_GLAZED_TERRACOTTA	YELLOW_GLAZED_TERRACOTTA
YELLOW_GLAZED_TERRACOTTA	2	YELLOW_GLAZED_TERRACOTTA	YELLOW_GLAZED_TERRACOTTA
YELLOW_GLAZED_TERRACOTTA	3	YELLOW_GLAZED_TERRACOTTA	YELLOW_GLAZED_TERRACOTTA
LIME_GLAZED_TERRACOTTA	0	LIME_GLAZED_TERRACOTTA	LIME_GLAZED_TERRACOTTA
LIME_GLAZED_TERRACOTTA	1	LIME_GLAZED_TERRACOTTA	LIME_GLAZED_TERRACOTTA
LIME_GLAZED_TERRACOTTA	2	LIME_GLAZED_TERRACOTTA	LIME_GLAZED_TERRACOTTA
LIME_GLAZED_TERRACOTTA	3	LIME_GLAZED_TERRACOTTA	LIME_GLAZED_TERRACOTTA
PINK_GLAZED_TERRACOTTA	0	PINK_GLAZED_TERRACOTTA	PINK_GLAZED_TERRACOTTA
PINK_GLAZED_TERRACOTTA	1	PINK_GLAZED_TERRACOTTA	PINK_GLAZED_TERRACOTTA
PINK_GLAZED_TERRACOTTA	2	PINK_GLAZED_TERRACOTTA	PINK_GLAZED_TERRACOTTA
PINK_GLAZED_TERRACOTTA	3	PINK_GLAZED_TERRACOTTA	PINK_GLAZED_TERRACOTTA
GRAY_GLAZED_TERRACOTTA	0	GRAY_GLAZED_TERRACOTTA	GRAY_GLAZED_TERRACOTTA
GRAY_GLAZED_TERRACOTTA	1	GRAY_GLAZED_TERRACOTTA	GRAY_GLAZED_TERRACOTTA
GRAY_GLAZED_TERRACOTTA	2	GRAY_GLAZED_TERRACOTTA	GRAY_GLAZED_TERRACOTTA
GRAY_GLAZED_TERRACOTTA	3	GRAY_GLAZED_TERRACOTTA	GRAY_GLAZED_TERRACOTTA
SILVER_GLAZED_TERRACOTTA	0	LIGHT_GRAY_GLAZED_TERRACOTTA	LIGHT_GRAY_GLAZED_TERRACOTTA
SILVER_GLAZED_TERRACOTTA	1	LIGHT_GRAY_GLAZED_TERRACOTTA	LIGHT_GRAY_GLAZED_TERRACOTTA
SILVER_GLAZED_TERRACOTTA	2	LIGHT_GRAY_GLAZED_TERRACOTTA	LIGHT_GRAY_GLAZED_TERRACOTTA
SILVER_GLAZED_TERRACOTTA	3	LIGHT_GRAY_GLAZED_TERRACOTTA	LIGHT_GRAY_GLAZED_TERRACOTTA
CYAN_GLAZED_TERRACOTTA	0	CYAN_GLAZED_TERRACOTTA	CYAN_GLAZED_TERRACOTTA
CYAN_GLAZED_TERRACOTTA	1	CYAN_GLAZED_TERRACOTTA	CYAN_GLAZED_TERRACOTTA
CYAN_GLAZED_TERRACOTTA	2	CYAN_GLAZED_TERRACOTTA	CYAN_GLAZED_TERRACOTTA
CYAN_GLAZED_TERRACOTTA	3	CYAN_GLAZED_TERRACOTTA	CYAN_GLAZED_TERRACOTTA
PURPLE_GLAZED_TERRACOTTA	0	PURPLE_GLAZED_TERRACOTTA	PURPLE_GLAZED_TERRACOTTA
PURPLE_GLAZED_TERRACOTTA	1	PURPLE_GLAZED_TERRACOTTA	PURPLE_GLAZED_TERRACOTTA
PURPLE_GLAZED_TERRACOTTA	2	PURPLE_GLAZED_TERRACOTTA	PURPLE_GLAZED_TERRACOTTA
PURPLE_GLAZED_TERRACOTTA	3	PURPLE_GLAZED_TERRACOTTA	PURPLE_GLAZED_TERRACOTTA
BLUE_GLAZED_TERRACOTTA	0	BLUE_GLAZED_TERRACOTTA	BLUE_GLAZED_TERRACOTTA
BLUE_GLAZED_TERRACOTTA	1	BLUE_GLAZED_TERRACOTTA	BLUE_GLAZED_TERRACOTTA
BLUE_GLAZED_TERRACOTTA	2	BLUE_GLAZED_TERRACOTTA	BLUE_GLAZED_TERRACOTTA
BLUE_GLAZED_TERRACOTTA	3	BLUE_GLAZED_TERRACOTTA	BLUE_GLAZED_TERRACOTTA
BROWN_GLAZED_TERRACOTTA	0	BROWN_GLAZED_TERRACOTTA	BROWN_GLAZED_TERRACOTTA
BROWN_GLAZED_TERRACOTTA	1	BROWN_GLAZED_TERRACOTTA	BROWN_GLAZED_TERRACOTTA
BROWN_GLAZED_TERRACOTTA	2	BROWN_GLAZED_TERRACOTTA	BROWN_GLAZED_TERRACOTTA
BROWN_GLAZED_TERRACOTTA	3	BROWN_GLAZED_TERRACOTTA	BROWN_GLAZED_TERRACOTTA
GREEN_GLAZED_TERRACOTTA	0	GREEN_GLAZED_TERRACOTTA	GREEN_GLAZED_TERRACOTTA
GREEN_GLAZED_TERRACOTTA	1	GREEN_GLAZED_TERRACOTTA	GREEN_GLAZED_TERRACOTTA
GREEN_GLAZED_TERRACOTTA	2	GREEN_GLAZED_TERRACOTTA	GREEN_GLAZED_TERRACOTTA
GREEN_GLAZED_TERRACOTTA	3	GREEN_GLAZED_TERRACOTTA	GREEN_GLAZED_TERRACOTTA
RED_GLAZED_TERRACOTTA	0	RED_GLAZED_TERRACOTTA	RED_GLAZED_TERRACOTTA
RED_GLAZED_TERRACOTTA	1	RED_GLAZED_TERRACOTTA	RED_GLAZED_TERRACOTTA
RED_GLAZED_TERRACOTTA	2	RED_GLAZED_TERRACOTTA	RED_GLAZED_TERRACOTTA
RED_GLAZED_TERRACOTTA	3	RED_GLAZED_TERRACOTTA	RED_GLAZED_TERRACOTTA
BLACK_GLAZED_TERRACOTTA	0	BLACK_GLAZED_TERRACOTTA	BLACK_GLAZED_TERRACOTTA
BLACK_GLAZED_TERRACOTTA	1	BLACK_GLAZED_TERRACOTTA	BLACK_GLAZED_TERRACOTTA
BLACK_GLAZED_TERRACOTTA	2	BLACK_GLAZED_TERRACOTTA	BLACK_GLAZED_TERRACOTTA
BLACK_GLAZED_TERRACOTTA	3	BLACK_GLAZED_TERRACOTTA	BLACK_GLAZED_TERRACOTTA
CONCRETE	0	WHITE_CONCRETE	WHITE_CONCRETE
CONCRETE	1	ORANGE_CONCRETE	ORANGE_CONCRETE
CONCRETE	2	MAGENTA_CONCRETE	MAGENTA_CONCRETE
CONCRETE	3	LIGHT_BLUE_CONCRETE	LIGHT_BLUE_CONCRETE
CONCRETE	4	YELLOW_CONCRETE	YELLOW_CONCRETE
CONCRETE	5	LIME_CONCRETE	LIME_CONCRETE
CONCRETE	6	PINK_CONCRETE	PINK_CONCRETE
CONCRETE	7	GRAY_CONCRETE	GRAY_CONCRETE
CONCRETE	8	LIGHT_GRAY_CONCRETE	LIGHT_GRAY_CONCRETE
CONCRETE	9	CYAN_CONCRETE	CYAN_CONCRETE
CONCRETE	10	PURPLE_CONCRETE	PURPLE_CONCRETE
CONCRETE	11	BLUE_CONCRETE	BLUE_CONCRETE
CONCRETE	12	BROWN_CONCRETE	BROWN_CONCRETE
CONCRETE	13	GREEN_CONCRETE	GREEN_CONCRETE
CONCRETE	14	RED_CONCRETE	RED_CONCRETE
CONCRETE	15	BLACK_CONCRETE	BLACK_CONCRETE
CONCRETE_POWDER	0	WHITE_CONCRETE_POWDER	WHITE_CONCRETE_POWDER
CONCRETE_POWDER	1	ORANGE_CONCRETE_POWDER	ORANGE_CONCRETE_POWDER
CONCRETE_POWDER	2	MAGENTA_CONCRETE_POWDER	MAGENTA_CONCRETE_POWDER
CONCRETE_POWDER	3	LIGHT_BLUE_CONCRETE_POWDER	LIGHT_BLUE_CONCRETE_POWDER
CONCRETE_POWDER	4	YELLOW_CONCRETE_POWDER	YELLOW_CONCRETE_POWDER
CONCRETE_POWDER	5	LIME_CONCRETE_POWDER	LIME_CONCRETE_POWDER
CONCRETE_POWDER	6	PINK_CONCRETE_POWDER	PINK_CONCRETE_POWDER
CONCRETE_POWDER	7	GRAY_CONCRETE_POWDER	GRAY_CONCRETE_POWDER
CONCRETE_POWDER	8	LIGHT_GRAY_CONCRETE_POWDER	LIGHT_GRAY_CONCRETE_POWDER
CONCRETE_POWDER	9	CYAN_CONCRETE_POWDER	CYAN_CONCRETE_POWDER
CONCRETE_POWDER	10	PURPLE_CONCRETE_POWDER	PURPLE_CONCRETE_POWDER
CONCRETE_POWDER	11	BLUE_CONCRETE_POWDER	BLUE_CONCRETE_POWDER
CONCRETE_POWDER	12	BROWN_CONCRETE_POWDER	BROWN_CONCRETE_POWDER
CONCRETE_POWDER	13	GREEN_CONCRETE_POWDER	GREEN_CONCRETE_POWDER
CONCRETE_POWDER	14	RED_CONCRETE_POWDER	RED_CONCRETE_POWDER
CONCRETE_POWDER	15	BLACK_CONCRETE_POWDER	BLACK_CONCRETE_POWDER
STRUCTURE_BLOCK	0	STRUCTURE_BLOCK	STRUCTURE_BLOCK
STRUCTURE_BLOCK	1	STRUCTURE_BLOCK	STRUCTURE_BLOCK
STRUCTURE_BLOCK	2	STRUCTURE_BLOCK	STRUCTURE_BLOCK
STRUCTURE_BLOCK	3	STRUCTURE_BLOCK	STRUCTURE_BLOCK
IRON_SPADE	0		IRON_SHOVEL
IRON_PICKAXE	0		IRON_PICKAXE
IRON_AXE	0		IRON_AXE
FLINT_AND_STEEL	0		FLINT_AND_STEEL
APPLE	0		APPLE
APPLE	1		APPLE
APPLE	2		APPLE
APPLE	3		APPLE
APPLE	4		APPLE
APPLE	5		APPLE
APPLE	6		APPLE
APPLE	7		APPLE
APPLE	8		APPLE
APPLE	9		APPLE
APPLE	10		APPLE
APPLE	11		APPLE
APPLE	12		APPLE
APPLE	13		APPLE
APPLE	14		APPLE
APPLE	15		APPLE
BOW	0		BOW
ARROW	0		ARROW
ARROW	1		ARROW
ARROW	2		ARROW
ARROW	3		ARROW
ARROW	4		ARROW
ARROW	5		ARROW
ARROW	6		ARROW
ARROW	7		ARROW
ARROW	8		ARROW
ARROW	9		ARROW
ARROW	10		ARROW
ARROW	11		ARROW
ARROW	12		ARROW
ARROW	13		ARROW
ARROW	14		ARROW
ARROW	15		ARROW
COAL	0		COAL
COAL	1		CHARCOAL
COAL	2		COAL
COAL	3		COAL
COAL	4		COAL
COAL	5		COAL
COAL	6		COAL
COAL	7		COAL
COAL	8		COAL
COAL	9		COAL
COAL	10		COAL
COAL	11		COAL
COAL	12		COAL
COAL	13		COAL
COAL	14		COAL
COAL	15		COAL
DIAMOND	0		DIAMOND
DIAMOND	1		DIAMOND
DIAMOND	2		DIAMOND
DIAMOND	3		DIAMOND
DIAMOND	4		DIAMOND
DIAMOND	5		DIAMOND
DIAMOND	6		DIAMOND
DIAMOND	7		DIAMOND
DIAMOND	8		DIAMOND
DIAMOND	9		DIAMOND
DIAMOND	10		DIAMOND
DIAMOND	11		DIAMOND
DIAMOND	12		DIAMOND
DIAMOND	13		DIAMOND
DIAMOND	14		DIAMOND
DIAMOND	15		DIAMOND
IRON_INGOT	0		IRON_INGOT
IRON_INGOT	1		IRON_INGOT
IRON_INGOT	2		IRON_INGOT
IRON_INGOT	3		IRON_INGOT
IRON_INGOT	4		IRON_INGOT
IRON_INGOT	5		IRON_INGOT
IRON_INGOT	6		IRON_INGOT
IRON_INGOT	7		IRON_INGOT
IRON_INGOT	8		IRON_INGOT
IRON_INGOT	9		IRON_INGOT
IRON_INGOT	10		IRON_INGOT
IRON_INGOT	11		IRON_INGOT
IRON_INGOT	12		IRON_INGOT
IRON_INGOT	13		IRON_INGOT
IRON_INGOT	14		IRON_INGOT
IRON_INGOT	15		IRON_INGOT
GOLD_INGOT	0		GOLD_INGOT
GOLD_INGOT	1		GOLD_INGOT
GOLD_INGOT	2		GOLD_INGOT
GOLD_INGOT	3		GOLD_INGOT
GOLD_INGOT	4		GOLD_INGOT
GOLD_INGOT	5		GOLD_INGOT
GOLD_INGOT	6		GOLD_INGOT
GOLD_INGOT	7		GOLD_INGOT
GOLD_INGOT	8		GOLD_INGOT
GOLD_INGOT	9		GOLD_INGOT
GOLD_INGOT	10		GOLD_INGOT
GOLD_INGOT	11		GOLD_INGOT
GOLD_INGOT	12		GOLD_INGOT
GOLD_INGOT	13		GOLD_INGOT
GOLD_INGOT	14		GOLD_INGOT
GOLD_INGOT	15		GOLD_INGOT
IRON_SWORD	0		IRON_SWORD
WOOD_SWORD	0		WOODEN_SWORD
WOOD_SPADE	0		WOODEN_SHOVEL
WOOD_PICKAXE	0		WOODEN_PICKAXE
WOOD_AXE	0		WOODEN_AXE
STONE_SWORD	0		STONE_SWORD
STONE_SPADE	0		STONE_SHOVEL
STONE_PICKAXE	0		STONE_PICKAXE
STONE_AXE	0		STONE_AXE
DIAMOND_SWORD	0		DIAMOND_SWORD
DIAMOND_SPADE	0		DIAMOND_SHOVEL
DIAMOND_PICKAXE	0		DIAMOND_PICKAXE
DIAMOND_AXE	0		DIAMOND_AXE
STICK	0		STICK
STICK	1		STICK
STICK	2		STICK
STICK	3		STICK
STICK	4		STICK
STICK	5		STICK
STICK	6		STICK
STICK	7		STICK
STICK	8		STICK
STICK	9		STICK
STICK	10		STICK
STICK	11		STICK
STICK	12		STICK
STICK	13		STICK
STICK	14		STICK
STICK	15		STICK
BOWL	0		BOWL
BOWL	1		BOWL
BOWL	2		BOWL
BOWL	3		BOWL
BOWL	4		BOWL
BOWL	5		BOWL
BOWL	6		BOWL
BOWL	7		BOWL
BOWL	8		BOWL
BOWL	9		BOWL
BOWL	10		BOWL
BOWL	11		BOWL
BOWL	12		BOWL
BOWL	13		BOWL
BOWL	14		BOWL
BOWL	15		BOWL
MUSHROOM_SOUP	0		MUSHROOM_STEW
MUSHROOM_SOUP	1		MUSHROOM_STEW
MUSHROOM_SOUP	2		MUSHROOM_STEW
MUSHROOM_SOUP	3		MUSHROOM_STEW
MUSHROOM_SOUP	4		MUSHROOM_STEW
MUSHROOM_SOUP	5		MUSHROOM_STEW
MUSHROOM_SOUP	6		MUSHROOM_STEW
MUSHROOM_SOUP	7		MUSHROOM_STEW
MUSHROOM_SOUP	8		MUSHROOM_STEW
MUSHROOM_SOUP	9		MUSHROOM_STEW
MUSHROOM_SOUP	10		MUSHROOM_STEW
MUSHROOM_SOUP	11		MUSHROOM_STEW
MUSHROOM_SOUP	12		MUSHROOM_STEW
MUSHROOM_SOUP	13		MUSHROOM_STEW
MUSHROOM_SOUP	14		MUSHROOM_STEW
MUSHROOM_SOUP	15		MUSHROOM_STEW
GOLD_SWORD	0		GOLDEN_SWORD
GOLD_SPADE	0		GOLDEN_SHOVEL
GOLD_PICKAXE	0		GOLDEN_PICKAXE
GOLD_AXE	0		GOLDEN_AXE
STRING	0		STRING
STRING	1		STRING
STRING	2		STRING
STRING	3		STRING
STRING	4		STRING
STRING	5		STRING
STRING	6		STRING
STRING	7		STRING
STRING	8		STRING
STRING	9		STRING
STRING	10		STRING
STRING	11		STRING
STRING	12		STRING
STRING	13		STRING
STRING	14		STRING
STRING	15		STRING
FEATHER	0		FEATHER
FEATHER	1		FEATHER
FEATHER	2		FEATHER
FEATHER	3		FEATHER
FEATHER	4		FEATHER
FEATHER	5		FEATHER
FEATHER	6		FEATHER
FEATHER	7		FEATHER
FEATHER	8		FEATHER
FEATHER	9		FEATHER
FEATHER	10		FEATHER
FEATHER	11		FEATHER
FEATHER	12		FEATHER
FEATHER	13		FEATHER
FEATHER	14		FEATHER
FEATHER	15		FEATHER
SULPHUR	0		GUNPOWDER
SULPHUR	1		GUNPOWDER
SULPHUR	2		GUNPOWDER
SULPHUR	3		GUNPOWDER
SULPHUR	4		GUNPOWDER
SULPHUR	5		GUNPOWDER
SULPHUR	6		GUNPOWDER
SULPHUR	7		GUNPOWDER
SULPHUR	8		GUNPOWDER
SULPHUR	9		GUNPOWDER
SULPHUR	10		GUNPOWDER
SULPHUR	11		GUNPOWDER
SULPHUR	12		GUNPOWDER
SULPHUR	13		GUNPOWDER
SULPHUR	14		GUNPOWDER
SULPHUR	15		GUNPOWDER
WOOD_HOE	0		WOODEN_HOE
STONE_HOE	0		STONE_HOE
IRON_HOE	0		IRON_HOE
DIAMOND_HOE	0		DIAMOND_HOE
GOLD_HOE	0		GOLDEN_HOE
SEEDS	0		WHEAT_SEEDS
SEEDS	1		WHEAT_SEEDS
SEEDS	2		WHEAT_SEEDS
SEEDS	3		WHEAT_SEEDS
SEEDS	4		WHEAT_SEEDS
SEEDS	5		WHEAT_SEEDS
SEEDS	6		WHEAT_SEEDS
SEEDS	7		WHEAT_SEEDS
SEEDS	8		WHEAT_SEEDS
SEEDS	9		WHEAT_SEEDS
SEEDS	10		WHEAT_SEEDS
SEEDS	11		WHEAT_SEEDS
SEEDS	12		WHEAT_SEEDS
SEEDS	13		WHEAT_SEEDS
SEEDS	14		WHEAT_SEEDS
SEEDS	15		WHEAT_SEEDS
WHEAT	0		WHEAT
WHEAT	1		WHEAT
WHEAT	2		WHEAT
WHEAT	3		WHEAT
WHEAT	4		WHEAT
WHEAT	5		WHEAT
WHEAT	6		WHEAT
WHEAT	7		WHEAT
WHEAT	8		WHEAT
WHEAT	9		WHEAT
WHEAT	10		WHEAT
WHEAT	11		WHEAT
WHEAT	12		WHEAT
WHEAT	13		WHEAT
WHEAT	14		WHEAT
WHEAT	15		WHEAT
BREAD	0		BREAD
BREAD	1		BREAD
BREAD	2		BREAD
BREAD	3		BREAD
BREAD	4		BREAD
BREAD	5		BREAD
BREAD	6		BREAD
BREAD	7		BREAD
BREAD	8		BREAD
BREAD	9		BREAD
BREAD	10		BREAD
BREAD	11		BREAD
BREAD	12		BREAD
BREAD	13		BREAD
BREAD	14		BREAD
BREAD	15		BREAD
LEATHER_HELMET	0		LEATHER_HELMET
LEATHER_CHESTPLATE	0		LEATHER_CHESTPLATE
LEATHER_LEGGINGS	0		LEATHER_LEGGINGS
LEATHER_BOOTS	0		LEATHER_BOOTS
CHAINMAIL_HELMET	0		CHAINMAIL_HELMET
CHAINMAIL_CHESTPLATE	0		CHAINMAIL_CHESTPLATE
CHAINMAIL_LEGGINGS	0		CHAINMAIL_LEGGINGS
CHAINMAIL_BOOTS	0		CHAINMAIL_BOOTS
IRON_HELMET	0		IRON_HELMET
IRON_CHESTPLATE	0		IRON_CHESTPLATE
IRON_LEGGINGS	0		IRON_LEGGINGS
IRON_BOOTS	0		IRON_BOOTS
DIAMOND_HELMET	0		DIAMOND_HELMET
DIAMOND_CHESTPLATE	0		DIAMOND_CHESTPLATE
DIAMOND_LEGGINGS	0		DIAMOND_LEGGINGS
DIAMOND_BOOTS	0		DIAMOND_BOOTS
GOLD_HELMET	0		GOLDEN_HELMET
GOLD_CHESTPLATE	0		GOLDEN_CHESTPLATE
GOLD_LEGGINGS	0		GOLDEN_LEGGINGS
GOLD_BOOTS	0		GOLDEN_BOOTS
FLINT	0		FLINT
FLINT	1		FLINT
FLINT	2		FLINT
FLINT	3		FLINT
FLINT	4		FLINT
FLINT	5		FLINT
FLINT	6		FLINT
FLINT	7		FLINT
FLINT	8		FLINT
FLINT	9		FLINT
FLINT	10		FLINT
FLINT	11		FLINT
FLINT	12		FLINT
FLINT	13		FLINT
FLINT	14		FLINT
FLINT	15		FLINT
PORK	0		PORKCHOP
PORK	1		PORKCHOP
PORK	2		PORKCHOP
PORK	3		PORKCHOP
PORK	4		PORKCHOP
PORK	5		PORKCHOP
PORK	6		PORKCHOP
PORK	7		PORKCHOP
PORK	8		PORKCHOP
PORK	9		PORKCHOP
PORK	10		PORKCHOP
PORK	11		PORKCHOP
PORK	12		PORKCHOP
PORK	13		PORKCHOP
PORK	14		PORKCHOP
PORK	15		PORKCHOP
GRILLED_PORK	0		COOKED_PORKCHOP
GRILLED_PORK	1		COOKED_PORKCHOP
GRILLED_PORK	2		COOKED_PORKCHOP
GRILLED_PORK	3		COOKED_PORKCHOP
GRILLED_PORK	4		COOKED_PORKCHOP
GRILLED_PORK	5		COOKED_PORKCHOP
GRILLED_PORK	6		COOKED_PORKCHOP
GRILLED_PORK	7		COOKED_PORKCHOP
GRILLED_PORK	8		COOKED_PORKCHOP
GRILLED_PORK	9		COOKED_PORKCHOP
GRILLED_PORK	10		COOKED_PORKCHOP
GRILLED_PORK	11		COOKED_PORKCHOP
GRILLED_PORK	12		COOKED_PORKCHOP
GRILLED_PORK	13		COOKED_PORKCHOP
GRILLED_PORK	14		COOKED_PORKCHOP
GRILLED_PORK	15		COOKED_PORKCHOP
PAINTING	0		PAINTING
PAINTING	1		PAINTING
PAINTING	2		PAINTING
PAINTING	3		PAINTING
PAINTING	4		PAINTING
PAINTING	5		PAINTING
PAINTING	6		PAINTING
PAINTING	7		PAINTING
PAINTING	8		PAINTING
PAINTING	9		PAINTING
PAINTING	10		PAINTING
PAINTING	11		PAINTING
PAINTING	12		PAINTING
PAINTING	13		PAINTING
PAINTING	14		PAINTING
PAINTING	15		PAINTING
GOLDEN_APPLE	0		GOLDEN_APPLE
GOLDEN_APPLE	1		ENCHANTED_GOLDEN_APPLE
GOLDEN_APPLE	2		GOLDEN_APPLE
GOLDEN_APPLE	3		GOLDEN_APPLE
GOLDEN_APPLE	4		GOLDEN_APPLE
GOLDEN_APPLE	5		GOLDEN_APPLE
GOLDEN_APPLE	6		GOLDEN_APPLE
GOLDEN_APPLE	7		GOLDEN_APPLE
GOLDEN_APPLE	8		GOLDEN_APPLE
GOLDEN_APPLE	9		GOLDEN_APPLE
GOLDEN_APPLE	10		GOLDEN_APPLE
GOLDEN_APPLE	11		GOLDEN_APPLE
GOLDEN_APPLE	12		GOLDEN_APPLE
GOLDEN_APPLE	13		GOLDEN_APPLE
GOLDEN_APPLE	14		GOLDEN_APPLE
GOLDEN_APPLE	15		GOLDEN_APPLE
SIGN	0		OAK_SIGN
SIGN	1		OAK_SIGN
SIGN	2		OAK_SIGN
SIGN	3		OAK_SIGN
SIGN	4		OAK_SIGN
SIGN	5		OAK_SIGN
SIGN	6		OAK_SIGN
SIGN	7		OAK_SIGN
SIGN	8		OAK_SIGN
SIGN	9		OAK_SIGN
SIGN	10		OAK_SIGN
SIGN	11		OAK_SIGN
SIGN	12		OAK_SIGN
SIGN	13		OAK_SIGN
SIGN	14		OAK_SIGN
SIGN	15		OAK_SIGN
WOOD_DOOR	0		OAK_DOOR
WOOD_DOOR	1		OAK_DOOR
WOOD_DOOR	2		OAK_DOOR
WOOD_DOOR	3		OAK_DOOR
WOOD_DOOR	4		OAK_DOOR
WOOD_DOOR	5		OAK_DOOR
WOOD_DOOR	6		OAK_DOOR
WOOD_DOOR	7		OAK_DOOR
WOOD_DOOR	8		OAK_DOOR
WOOD_DOOR	9		OAK_DOOR
WOOD_DOOR	10		OAK_DOOR
WOOD_DOOR	11		OAK_DOOR
WOOD_DOOR	12		OAK_DOOR
WOOD_DOOR	13		OAK_DOOR
WOOD_DOOR	14		OAK_DOOR
WOOD_DOOR	15		OAK_DOOR
BUCKET	0		BUCKET
BUCKET	1		BUCKET
BUCKET	2		BUCKET
BUCKET	3		BUCKET
BUCKET	4		BUCKET
BUCKET	5		BUCKET
BUCKET	6		BUCKET
BUCKET	7		BUCKET
BUCKET	8		BUCKET
BUCKET	9		BUCKET
BUCKET	10		BUCKET
BUCKET	11		BUCKET
BUCKET	12		BUCKET
BUCKET	13		BUCKET
BUCKET	14		BUCKET
BUCKET	15		BUCKET
WATER_BUCKET	0		WATER_BUCKET
WATER_BUCKET	1		WATER_BUCKET
WATER_BUCKET	2		WATER_BUCKET
WATER_BUCKET	3		WATER_BUCKET
WATER_BUCKET	4		WATER_BUCKET
WATER_BUCKET	5		WATER_BUCKET
WATER_BUCKET	6		WATER_BUCKET
WATER_BUCKET	7		WATER_BUCKET
WATER_BUCKET	8		WATER_BUCKET
WATER_BUCKET	9		WATER_BUCKET
WATER_BUCKET	10		WATER_BUCKET
WATER_BUCKET	11		WATER_BUCKET
WATER_BUCKET	12		WATER_BUCKET
WATER_BUCKET	13		WATER_BUCKET
WATER_BUCKET	14		WATER_BUCKET
WATER_BUCKET	15		WATER_BUCKET
LAVA_BUCKET	0		LAVA_BUCKET
LAVA_BUCKET	1		LAVA_BUCKET
LAVA_BUCKET	2		LAVA_BUCKET
LAVA_BUCKET	3		LAVA_BUCKET
LAVA_BUCKET	4		LAVA_BUCKET
LAVA_BUCKET	5		LAVA_BUCKET
LAVA_BUCKET	6		LAVA_BUCKET
LAVA_BUCKET	7		LAVA_BUCKET
LAVA_BUCKET	8		LAVA_BUCKET
LAVA_BUCKET	9		LAVA_BUCKET
LAVA_BUCKET	10		LAVA_BUCKET
LAVA_BUCKET	11		LAVA_BUCKET
LAVA_BUCKET	12		LAVA_BUCKET
LAVA_BUCKET	13		LAVA_BUCKET
LAVA_BUCKET	14		LAVA_BUCKET
LAVA_BUCKET	15		LAVA_BUCKET
MINECART	0		MINECART
MINECART	1		MINECART
MINECART	2		MINECART
MINECART	3		MINECART
MINECART	4		MINECART
MINECART	5		MINECART
MINECART	6		MINECART
MINECART	7		MINECART
MINECART	8		MINECART
MINECART	9		MINECART
MINECART	10		MINECART
MINECART	11		MINECART
MINECART	12		MINECART
MINECART	13		MINECART
MINECART	14		MINECART
MINECART	15		MINECART
SADDLE	0		SADDLE
SADDLE	1		SADDLE
SADDLE	2		SADDLE
SADDLE	3		SADDLE
SADDLE	4		SADDLE
SADDLE	5		SADDLE
SADDLE	6		SADDLE
SADDLE	7		SADDLE
SADDLE	8		SADDLE
SADDLE	9		SADDLE
SADDLE	10		SADDLE
SADDLE	11		SADDLE
SADDLE	12		SADDLE
SADDLE	13		SADDLE
SADDLE	14		SADDLE
SADDLE	15		SADDLE
IRON_DOOR	0		IRON_DOOR
IRON_DOOR	1		IRON_DOOR
IRON_DOOR	2		IRON_DOOR
IRON_DOOR	3		IRON_DOOR
IRON_DOOR	4		IRON_DOOR
IRON_DOOR	5		IRON_DOOR
IRON_DOOR	6		IRON_DOOR
IRON_DOOR	7		IRON_DOOR
IRON_DOOR	8		IRON_DOOR
IRON_DOOR	9		IRON_DOOR
IRON_DOOR	10		IRON_DOOR
IRON_DOOR	11		IRON_DOOR
IRON_DOOR	12		IRON_DOOR
IRON_DOOR	13		IRON_DOOR
IRON_DOOR	14		IRON_DOOR
IRON_DOOR	15		IRON_DOOR
REDSTONE	0		REDSTONE
REDSTONE	1		REDSTONE
REDSTONE	2		REDSTONE
REDSTONE	3		REDSTONE
REDSTONE	4		REDSTONE
REDSTONE	5		REDSTONE
REDSTONE	6		REDSTONE
REDSTONE	7		REDSTONE
REDSTONE	8		REDSTONE
REDSTONE	9		REDSTONE
REDSTONE	10		REDSTONE
REDSTONE	11		REDSTONE
REDSTONE	12		REDSTONE
REDSTONE	13		REDSTONE
REDSTONE	14		REDSTONE
REDSTONE	15		REDSTONE
SNOW_BALL	0		SNOWBALL
SNOW_BALL	1		SNOWBALL
SNOW_BALL	2		SNOWBALL
SNOW_BALL	3		SNOWBALL
SNOW_BALL	4		SNOWBALL
SNOW_BALL	5		SNOWBALL
SNOW_BALL	6		SNOWBALL
SNOW_BALL	7		SNOWBALL
SNOW_BALL	8		SNOWBALL
SNOW_BALL	9		SNOWBALL
SNOW_BALL	10		SNOWBALL
SNOW_BALL	11		SNOWBALL
SNOW_BALL	12		SNOWBALL
SNOW_BALL	13		SNOWBALL
SNOW_BALL	14		SNOWBALL
SNOW_BALL	15		SNOWBALL
BOAT	0		OAK_BOAT
BOAT	1		OAK_BOAT
BOAT	2		OAK_BOAT
BOAT	3		OAK_BOAT
BOAT	4		OAK_BOAT
BOAT	5		OAK_BOAT
BOAT	6		OAK_BOAT
BOAT	7		OAK_BOAT
BOAT	8		OAK_BOAT
BOAT	9		OAK_BOAT
BOAT	10		OAK_BOAT
BOAT	11		OAK_BOAT
BOAT	12		OAK_BOAT
BOAT	13		OAK_BOAT
BOAT	14		OAK_BOAT
BOAT	15		OAK_BOAT
LEATHER	0		LEATHER
LEATHER	1		LEATHER
LEATHER	2		LEATHER
LEATHER	3		LEATHER
LEATHER	4		LEATHER
LEATHER	5		LEATHER
LEATHER	6		LEATHER
LEATHER	7		LEATHER
LEATHER	8		LEATHER
LEATHER	9		LEATHER
LEATHER	10		LEATHER
LEATHER	11		LEATHER
LEATHER	12		LEATHER
LEATHER	13		LEATHER
LEATHER	14		LEATHER
LEATHER	15		LEATHER
MILK_BUCKET	0		MILK_BUCKET
MILK_BUCKET	1		MILK_BUCKET
MILK_BUCKET	2		MILK_BUCKET
MILK_BUCKET	3		MILK_BUCKET
MILK_BUCKET	4		MILK_BUCKET
MILK_BUCKET	5		MILK_BUCKET
MILK_BUCKET	6		MILK_BUCKET
MILK_BUCKET	7		MILK_BUCKET
MILK_BUCKET	8		MILK_BUCKET
MILK_BUCKET	9		MILK_BUCKET
MILK_BUCKET	10		MILK_BUCKET
MILK_BUCKET	11		MILK_BUCKET
MILK_BUCKET	12		MILK_BUCKET
MILK_BUCKET	13		MILK_BUCKET
MILK_BUCKET	14		MILK_BUCKET
MILK_BUCKET	15		MILK_BUCKET
CLAY_BRICK	0		BRICK
CLAY_BRICK	1		BRICK
CLAY_BRICK	2		BRICK
CLAY_BRICK	3		BRICK
CLAY_BRICK	4		BRICK
CLAY_BRICK	5		BRICK
CLAY_BRICK	6		BRICK
CLAY_BRICK	7		BRICK
CLAY_BRICK	8		BRICK
CLAY_BRICK	9		BRICK
CLAY_BRICK	10		BRICK
CLAY_BRICK	11		BRICK
CLAY_BRICK	12		BRICK
CLAY_BRICK	13		BRICK
CLAY_BRICK	14		BRICK
CLAY_BRICK	15		BRICK
CLAY_BALL	0		CLAY_BALL
CLAY_BALL	1		CLAY_BALL
CLAY_BALL	2		CLAY_BALL
CLAY_BALL	3		CLAY_BALL
CLAY_BALL	4		CLAY_BALL
CLAY_BALL	5		CLAY_BALL
CLAY_BALL	6		CLAY_BALL
CLAY_BALL	7		CLAY_BALL
CLAY_BALL	8		CLAY_BALL
CLAY_BALL	9		CLAY_BALL
CLAY_BALL	10		CLAY_BALL
CLAY_BALL	11		CLAY_BALL
CLAY_BALL	12		CLAY_BALL
CLAY_BALL	13		CLAY_BALL
CLAY_BALL	14		CLAY_BALL
CLAY_BALL	15		CLAY_BALL
SUGAR_CANE	0		SUGAR_CANE
SUGAR_CANE	1		SUGAR_CANE
SUGAR_CANE	2		SUGAR_CANE
SUGAR_CANE	3		SUGAR_CANE
SUGAR_CANE	4		SUGAR_CANE
SUGAR_CANE	5		SUGAR_CANE
SUGAR_CANE	6		SUGAR_CANE
SUGAR_CANE	7		SUGAR_CANE
SUGAR_CANE	8		SUGAR_CANE
SUGAR_CANE	9		SUGAR_CANE
SUGAR_CANE	10		SUGAR_CANE
SUGAR_CANE	11		SUGAR_CANE
SUGAR_CANE	12		SUGAR_CANE
SUGAR_CANE	13		SUGAR_CANE
SUGAR_CANE	14		SUGAR_CANE
SUGAR_CANE	15		SUGAR_CANE
PAPER	0		PAPER
PAPER	1		PAPER
PAPER	2		PAPER
PAPER	3		PAPER
PAPER	4		PAPER
PAPER	5		PAPER
PAPER	6		PAPER
PAPER	7		PAPER
PAPER	8		PAPER
PAPER	9		PAPER
PAPER	10		PAPER
PAPER	11		PAPER
PAPER	12		PAPER
PAPER	13		PAPER
PAPER	14		PAPER
PAPER	15		PAPER
BOOK	0		BOOK
BOOK	1		BOOK
BOOK	2		BOOK
BOOK	3		BOOK
BOOK	4		BOOK
BOOK	5		BOOK
BOOK	6		BOOK
BOOK	7		BOOK
BOOK	8		BOOK
BOOK	9		BOOK
BOOK	10		BOOK
BOOK	11		BOOK
BOOK	12		BOOK
BOOK	13		BOOK
BOOK	14		BOOK
BOOK	15		BOOK
SLIME_BALL	0		SLIME_BALL
SLIME_BALL	1		SLIME_BALL
SLIME_BALL	2		SLIME_BALL
SLIME_BALL	3		SLIME_BALL
SLIME_BALL	4		SLIME_BALL
SLIME_BALL	5		SLIME_BALL
SLIME_BALL	6		SLIME_BALL
SLIME_BALL	7		SLIME_BALL
SLIME_BALL	8		SLIME_BALL
SLIME_BALL	9		SLIME_BALL
SLIME_BALL	10		SLIME_BALL
SLIME_BALL	11		SLIME_BALL
SLIME_BALL	12		SLIME_BALL
SLIME_BALL	13		SLIME_BALL
SLIME_BALL	14		SLIME_BALL
SLIME_BALL	15		SLIME_BALL
STORAGE_MINECART	0		CHEST_MINECART
STORAGE_MINECART	1		CHEST_MINECART
STORAGE_MINECART	2		CHEST_MINECART
STORAGE_MINECART	3		CHEST_MINECART
STORAGE_MINECART	4		CHEST_MINECART
STORAGE_MINECART	5		CHEST_MINECART
STORAGE_MINECART	6		CHEST_MINECART
STORAGE_MINECART	7		CHEST_MINECART
STORAGE_MINECART	8		CHEST_MINECART
STORAGE_MINECART	9		CHEST_MINECART
STORAGE_MINECART	10		CHEST_MINECART
STORAGE_MINECART	11		CHEST_MINECART
STORAGE_MINECART	12		CHEST_MINECART
STORAGE_MINECART	13		CHEST_MINECART
STORAGE_MINECART	14		CHEST_MINECART
STORAGE_MINECART	15		CHEST_MINECART
POWERED_MINECART	0		FURNACE_MINECART
POWERED_MINECART	1		FURNACE_MINECART
POWERED_MINECART	2		FURNACE_MINECART
POWERED_MINECART	3		FURNACE_MINECART
POWERED_MINECART	4		FURNACE_MINECART
POWERED_MINECART	5		FURNACE_MINECART
POWERED_MINECART	6		FURNACE_MINECART
POWERED_MINECART	7		FURNACE_MINECART
POWERED_MINECART	8		FURNACE_MINECART
POWERED_MINECART	9		FURNACE_MINECART
POWERED_MINECART	10		FURNACE_MINECART
POWERED_MINECART	11		FURNACE_MINECART
POWERED_MINECART	12		FURNACE_MINECART
POWERED_MINECART	13		FURNACE_MINECART
POWERED_MINECART	14		FURNACE_MINECART
POWERED_MINECART	15		FURNACE_MINECART
EGG	0		EGG
EGG	1		EGG
EGG	2		EGG
EGG	3		EGG
EGG	4		EGG
EGG	5		EGG
EGG	6		EGG
EGG	7		EGG
EGG	8		EGG
EGG	9		EGG
EGG	10		EGG
EGG	11		EGG
EGG	12		EGG
EGG	13		EGG
EGG	14		EGG
EGG	15		EGG
COMPASS	0		COMPASS
COMPASS	1		COMPASS
COMPASS	2		COMPASS
COMPASS	3		COMPASS
COMPASS	4		COMPASS
COMPASS	5		COMPASS
COMPASS	6		COMPASS
COMPASS	7		COMPASS
COMPASS	8		COMPASS
COMPASS	9		COMPASS
COMPASS	10		COMPASS
COMPASS	11		COMPASS
COMPASS	12		COMPASS
COMPASS	13		COMPASS
COMPASS	14		COMPASS
COMPASS	15		COMPASS
FISHING_ROD	0		FISHING_ROD
WATCH	0		CLOCK
WATCH	1		CLOCK
WATCH	2		CLOCK
WATCH	3		CLOCK
WATCH	4		CLOCK
WATCH	5		CLOCK
WATCH	6		CLOCK
WATCH	7		CLOCK
WATCH	8		CLOCK
WATCH	9		CLOCK
WATCH	10		CLOCK
WATCH	11		CLOCK
WATCH	12		CLOCK
WATCH	13		CLOCK
WATCH	14		CLOCK
WATCH	15		CLOCK
GLOWSTONE_DUST	0		GLOWSTONE_DUST
GLOWSTONE_DUST	1		GLOWSTONE_DUST
GLOWSTONE_DUST	2		GLOWSTONE_DUST
GLOWSTONE_DUST	3		GLOWSTONE_DUST
GLOWSTONE_DUST	4		GLOWSTONE_DUST
GLOWSTONE_DUST	5		GLOWSTONE_DUST
GLOWSTONE_DUST	6		GLOWSTONE_DUST
GLOWSTONE_DUST	7		GLOWSTONE_DUST
GLOWSTONE_DUST	8		GLOWSTONE_DUST
GLOWSTONE_DUST	9		GLOWSTONE_DUST
GLOWSTONE_DUST	10		GLOWSTONE_DUST
GLOWSTONE_DUST	11		GLOWSTONE_DUST
GLOWSTONE_DUST	12		GLOWSTONE_DUST
GLOWSTONE_DUST	13		GLOWSTONE_DUST
GLOWSTONE_DUST	14		GLOWSTONE_DUST
GLOWSTONE_DUST	15		GLOWSTONE_DUST
RAW_FISH	0		COD
RAW_FISH	1		SALMON
RAW_FISH	2		TROPICAL_FISH
RAW_FISH	3		PUFFERFISH
RAW_FISH	4		COD
RAW_FISH	5		COD
RAW_FISH	6		COD
RAW_FISH	7		COD
RAW_FISH	8		COD
RAW_FISH	9		COD
RAW_FISH	10		COD
RAW_FISH	11		COD
RAW_FISH	12		COD
RAW_FISH	13		COD
RAW_FISH	14		COD
RAW_FISH	15		COD
COOKED_FISH	0		COOKED_COD
COOKED_FISH	1		COOKED_SALMON
COOKED_FISH	2		COOKED_COD
COOKED_FISH	3		COOKED_COD
COOKED_FISH	4		COOKED_COD
COOKED_FISH	5		COOKED_COD
COOKED_FISH	6		COOKED_COD
COOKED_FISH	7		COOKED_COD
COOKED_FISH	8		COOKED_COD
COOKED_FISH	9		COOKED_COD
COOKED_FISH	10		COOKED_COD
COOKED_FISH	11		COOKED_COD
COOKED_FISH	12		COOKED_COD
COOKED_FISH	13		COOKED_COD
COOKED_FISH	14		COOKED_COD
COOKED_FISH	15		COOKED_COD
INK_SACK	0		INK_SAC
INK_SACK	1		RED_DYE
INK_SACK	2		GREEN_DYE
INK_SACK	3		COCOA_BEANS
INK_SACK	4		LAPIS_LAZULI
INK_SACK	5		PURPLE_DYE
INK_SACK	6		CYAN_DYE
INK_SACK	7		LIGHT_GRAY_DYE
INK_SACK	8		GRAY_DYE
INK_SACK	9		PINK_DYE
INK_SACK	10		LIME_DYE
INK_SACK	11		YELLOW_DYE
INK_SACK	12		LIGHT_BLUE_DYE
INK_SACK	13		MAGENTA_DYE
INK_SACK	14		ORANGE_DYE
INK_SACK	15		BONE_MEAL
BONE	0		BONE
BONE	1		BONE
BONE	2		BONE
BONE	3		BONE
BONE	4		BONE
BONE	5		BONE
BONE	6		BONE
BONE	7		BONE
BONE	8		BONE
BONE	9		BONE
BONE	10		BONE
BONE	11		BONE
BONE	12		BONE
BONE	13		BONE
BONE	14		BONE
BONE	15		BONE
SUGAR	0		SUGAR
SUGAR	1		SUGAR
SUGAR	2		SUGAR
SUGAR	3		SUGAR
SUGAR	4		SUGAR
SUGAR	5		SUGAR
SUGAR	6		SUGAR
SUGAR	7		SUGAR
SUGAR	8		SUGAR
SUGAR	9		SUGAR
SUGAR	10		SUGAR
SUGAR	11		SUGAR
SUGAR	12		SUGAR
SUGAR	13		SUGAR
SUGAR	14		SUGAR
SUGAR	15		SUGAR
CAKE	0		CAKE
CAKE	1		CAKE
CAKE	2		CAKE
CAKE	3		CAKE
CAKE	4		CAKE
CAKE	5		CAKE
CAKE	6		CAKE
CAKE	7		CAKE
CAKE	8		CAKE
CAKE	9		CAKE
CAKE	10		CAKE
CAKE	11		CAKE
CAKE	12		CAKE
CAKE	13		CAKE
CAKE	14		CAKE
CAKE	15		CAKE
BED	0		RED_BED
BED	1		ORANGE_BED
BED	2		MAGENTA_BED
BED	3		LIGHT_BLUE_BED
BED	4		YELLOW_BED
BED	5		LIME_BED
BED	6		PINK_BED
BED	7		GRAY_BED
BED	8		LIGHT_GRAY_BED
BED	9		CYAN_BED
BED	10		PURPLE_BED
BED	11		BLUE_BED
BED	12		BROWN_BED
BED	13		GREEN_BED
BED	14		RED_BED
BED	15		BLACK_BED
DIODE	0		REPEATER
DIODE	1		REPEATER
DIODE	2		REPEATER
DIODE	3		REPEATER
DIODE	4		REPEATER
DIODE	5		REPEATER
DIODE	6		REPEATER
DIODE	7		REPEATER
DIODE	8		REPEATER
DIODE	9		REPEATER
DIODE	10		REPEATER
DIODE	11		REPEATER
DIODE	12		REPEATER
DIODE	13		REPEATER
DIODE	14		REPEATER
DIODE	15		REPEATER
COOKIE	0		COOKIE
COOKIE	1		COOKIE
COOKIE	2		COOKIE
COOKIE	3		COOKIE
COOKIE	4		COOKIE
COOKIE	5		COOKIE
COOKIE	6		COOKIE
COOKIE	7		COOKIE
COOKIE	8		COOKIE
COOKIE	9		COOKIE
COOKIE	10		COOKIE
COOKIE	11		COOKIE
COOKIE	12		COOKIE
COOKIE	13		COOKIE
COOKIE	14		COOKIE
COOKIE	15		COOKIE
MAP	0		FILLED_MAP
MAP	1		FILLED_MAP
MAP	2		FILLED_MAP
MAP	3		FILLED_MAP
MAP	4		FILLED_MAP
MAP	5		FILLED_MAP
MAP	6		FILLED_MAP
MAP	7		FILLED_MAP
MAP	8		FILLED_MAP
MAP	9		FILLED_MAP
MAP	10		FILLED_MAP
MAP	11		FILLED_MAP
MAP	12		FILLED_MAP
MAP	13		FILLED_MAP
MAP	14		FILLED_MAP
MAP	15		FILLED_MAP
SHEARS	0		SHEARS
MELON	0		MELON_SLICE
MELON	1		MELON_SLICE
MELON	2		MELON_SLICE
MELON	3		MELON_SLICE
MELON	4		MELON_SLICE
MELON	5		MELON_SLICE
MELON	6		MELON_SLICE
MELON	7		MELON_SLICE
MELON	8		MELON_SLICE
MELON	9		MELON_SLICE
MELON	10		MELON_SLICE
MELON	11		MELON_SLICE
MELON	12		MELON_SLICE
MELON	13		MELON_SLICE
MELON	14		MELON_SLICE
MELON	15		MELON_SLICE
PUMPKIN_SEEDS	0		PUMPKIN_SEEDS
PUMPKIN_SEEDS	1		PUMPKIN_SEEDS
PUMPKIN_SEEDS	2		PUMPKIN_SEEDS
PUMPKIN_SEEDS	3		PUMPKIN_SEEDS
PUMPKIN_SEEDS	4		PUMPKIN_SEEDS
PUMPKIN_SEEDS	5		PUMPKIN_SEEDS
PUMPKIN_SEEDS	6		PUMPKIN_SEEDS
PUMPKIN_SEEDS	7		PUMPKIN_SEEDS
PUMPKIN_SEEDS	8		PUMPKIN_SEEDS
PUMPKIN_SEEDS	9		PUMPKIN_SEEDS
PUMPKIN_SEEDS	10		PUMPKIN_SEEDS
PUMPKIN_SEEDS	11		PUMPKIN_SEEDS
PUMPKIN_SEEDS	12		PUMPKIN_SEEDS
PUMPKIN_SEEDS	13		PUMPKIN_SEEDS
PUMPKIN_SEEDS	14		PUMPKIN_SEEDS
PUMPKIN_SEEDS	15		PUMPKIN_SEEDS
MELON_SEEDS	0		MELON_SEEDS
MELON_SEEDS	1		MELON_SEEDS
MELON_SEEDS	2		MELON_SEEDS
MELON_SEEDS	3		MELON_SEEDS
MELON_SEEDS	4		MELON_SEEDS
MELON_SEEDS	5		MELON_SEEDS
MELON_SEEDS	6		MELON_SEEDS
MELON_SEEDS	7		MELON_SEEDS
MELON_SEEDS	8		MELON_SEEDS
MELON_SEEDS	9		MELON_SEEDS
MELON_SEEDS	10		MELON_SEEDS
MELON_SEEDS	11		MELON_SEEDS
MELON_SEEDS	12		MELON_SEEDS
MELON_SEEDS	13		MELON_SEEDS
MELON_SEEDS	14		MELON_SEEDS
MELON_SEEDS	15		MELON_SEEDS
RAW_BEEF	0		BEEF
RAW_BEEF	1		BEEF
RAW_BEEF	2		BEEF
RAW_BEEF	3		BEEF
RAW_BEEF	4		BEEF
RAW_BEEF	5		BEEF
RAW_BEEF	6		BEEF
RAW_BEEF	7		BEEF
RAW_BEEF	8		BEEF
RAW_BEEF	9		BEEF
RAW_BEEF	10		BEEF
RAW_BEEF	11		BEEF
RAW_BEEF	12		BEEF
RAW_BEEF	13		BEEF
RAW_BEEF	14		BEEF
RAW_BEEF	15		BEEF
COOKED_BEEF	0		COOKED_BEEF
COOKED_BEEF	1		COOKED_BEEF
COOKED_BEEF	2		COOKED_BEEF
COOKED_BEEF	3		COOKED_BEEF
COOKED_BEEF	4		COOKED_BEEF
COOKED_BEEF	5		COOKED_BEEF
COOKED_BEEF	6		COOKED_BEEF
COOKED_BEEF	7		COOKED_BEEF
COOKED_BEEF	8		COOKED_BEEF
COOKED_BEEF	9		COOKED_BEEF
COOKED_BEEF	10		COOKED_BEEF
COOKED_BEEF	11		COOKED_BEEF
COOKED_BEEF	12		COOKED_BEEF
COOKED_BEEF	13		COOKED_BEEF
COOKED_BEEF	14		COOKED_BEEF
COOKED_BEEF	15		COOKED_BEEF
RAW_CHICKEN	0		CHICKEN
RAW_CHICKEN	1		CHICKEN
RAW_CHICKEN	2		CHICKEN
RAW_CHICKEN	3		CHICKEN
RAW_CHICKEN	4		CHICKEN
RAW_CHICKEN	5		CHICKEN
RAW_CHICKEN	6		CHICKEN
RAW_CHICKEN	7		CHICKEN
RAW_CHICKEN	8		CHICKEN
RAW_CHICKEN	9		CHICKEN
RAW_CHICKEN	10		CHICKEN
RAW_CHICKEN	11		CHICKEN
RAW_CHICKEN	12		CHICKEN
RAW_CHICKEN	13		CHICKEN
RAW_CHICKEN	14		CHICKEN
RAW_CHICKEN	15		CHICKEN
COOKED_CHICKEN	0		COOKED_CHICKEN
COOKED_CHICKEN	1		COOKED_CHICKEN
COOKED_CHICKEN	2		COOKED_CHICKEN
COOKED_CHICKEN	3		COOKED_CHICKEN
COOKED_CHICKEN	4		COOKED_CHICKEN
COOKED_CHICKEN	5		COOKED_CHICKEN
COOKED_CHICKEN	6		COOKED_CHICKEN
COOKED_CHICKEN	7		COOKED_CHICKEN
COOKED_CHICKEN	8		COOKED_CHICKEN
COOKED_CHICKEN	9		COOKED_CHICKEN
COOKED_CHICKEN	10		COOKED_CHICKEN
COOKED_CHICKEN	11		COOKED_CHICKEN
COOKED_CHICKEN	12		COOKED_CHICKEN
COOKED_CHICKEN	13		COOKED_CHICKEN
COOKED_CHICKEN	14		COOKED_CHICKEN
COOKED_CHICKEN	15		COOKED_CHICKEN
ROTTEN_FLESH	0		ROTTEN_FLESH
ROTTEN_FLESH	1		ROTTEN_FLESH
ROTTEN_FLESH	2		ROTTEN_FLESH
ROTTEN_FLESH	3		ROTTEN_FLESH
ROTTEN_FLESH	4		ROTTEN_FLESH
ROTTEN_FLESH	5		ROTTEN_FLESH
ROTTEN_FLESH	6		ROTTEN_FLESH
ROTTEN_FLESH	7		ROTTEN_FLESH
ROTTEN_FLESH	8		ROTTEN_FLESH
ROTTEN_FLESH	9		ROTTEN_FLESH
ROTTEN_FLESH	10		ROTTEN_FLESH
ROTTEN_FLESH	11		ROTTEN_FLESH
ROTTEN_FLESH	12		ROTTEN_FLESH
ROTTEN_FLESH	13		ROTTEN_FLESH
ROTTEN_FLESH	14		ROTTEN_FLESH
ROTTEN_FLESH	15		ROTTEN_FLESH
ENDER_PEARL	0		ENDER_PEARL
ENDER_PEARL	1		ENDER_PEARL
ENDER_PEARL	2		ENDER_PEARL
ENDER_PEARL	3		ENDER_PEARL
ENDER_PEARL	4		ENDER_PEARL
ENDER_PEARL	5		ENDER_PEARL
ENDER_PEARL	6		ENDER_PEARL
ENDER_PEARL	7		ENDER_PEARL
ENDER_PEARL	8		ENDER_PEARL
ENDER_PEARL	9		ENDER_PEARL
ENDER_PEARL	10		ENDER_PEARL
ENDER_PEARL	11		ENDER_PEARL
ENDER_PEARL	12		ENDER_PEARL
ENDER_PEARL	13		ENDER_PEARL
ENDER_PEARL	14		ENDER_PEARL
ENDER_PEARL	15		ENDER_PEARL
BLAZE_ROD	0		BLAZE_ROD
BLAZE_ROD	1		BLAZE_ROD
BLAZE_ROD	2		BLAZE_ROD
BLAZE_ROD	3		BLAZE_ROD
BLAZE_ROD	4		BLAZE_ROD
BLAZE_ROD	5		BLAZE_ROD
BLAZE_ROD	6		BLAZE_ROD
BLAZE_ROD	7		BLAZE_ROD
BLAZE_ROD	8		BLAZE_ROD
BLAZE_ROD	9		BLAZE_ROD
BLAZE_ROD	10		BLAZE_ROD
BLAZE_ROD	11		BLAZE_ROD
BLAZE_ROD	12		BLAZE_ROD
BLAZE_ROD	13		BLAZE_ROD
BLAZE_ROD	14		BLAZE_ROD
BLAZE_ROD	15		BLAZE_ROD
GHAST_TEAR	0		GHAST_TEAR
GHAST_TEAR	1		GHAST_TEAR
GHAST_TEAR	2		GHAST_TEAR
GHAST_TEAR	3		GHAST_TEAR
GHAST_TEAR	4		GHAST_TEAR
GHAST_TEAR	5		GHAST_TEAR
GHAST_TEAR	6		GHAST_TEAR
GHAST_TEAR	7		GHAST_TEAR
GHAST_TEAR	8		GHAST_TEAR
GHAST_TEAR	9		GHAST_TEAR
GHAST_TEAR	10		GHAST_TEAR
GHAST_TEAR	11		GHAST_TEAR
GHAST_TEAR	12		GHAST_TEAR
GHAST_TEAR	13		GHAST_TEAR
GHAST_TEAR	14		GHAST_TEAR
GHAST_TEAR	15		GHAST_TEAR
GOLD_NUGGET	0		GOLD_NUGGET
GOLD_NUGGET	1		GOLD_NUGGET
GOLD_NUGGET	2		GOLD_NUGGET
GOLD_NUGGET	3		GOLD_NUGGET
GOLD_NUGGET	4		GOLD_NUGGET
GOLD_NUGGET	5		GOLD_NUGGET
GOLD_NUGGET	6		GOLD_NUGGET
GOLD_NUGGET	7		GOLD_NUGGET
GOLD_NUGGET	8		GOLD_NUGGET
GOLD_NUGGET	9		GOLD_NUGGET
GOLD_NUGGET	10		GOLD_NUGGET
GOLD_NUGGET	11		GOLD_NUGGET
GOLD_NUGGET	12		GOLD_NUGGET
GOLD_NUGGET	13		GOLD_NUGGET
GOLD_NUGGET	14		GOLD_NUGGET
GOLD_NUGGET	15		GOLD_NUGGET
NETHER_STALK	0		NETHER_WART
NETHER_STALK	1		NETHER_WART
NETHER_STALK	2		NETHER_WART
NETHER_STALK	3		NETHER_WART
NETHER_STALK	4		NETHER_WART
NETHER_STALK	5		NETHER_WART
NETHER_STALK	6		NETHER_WART
NETHER_STALK	7		NETHER_WART
NETHER_STALK	8		NETHER_WART
NETHER_STALK	9		NETHER_WART
NETHER_STALK	10		NETHER_WART
NETHER_STALK	11		NETHER_WART
NETHER_STALK	12		NETHER_WART
NETHER_STALK	13		NETHER_WART
NETHER_STALK	14		NETHER_WART
NETHER_STALK	15		NETHER_WART
POTION	0		POTION
POTION	1		POTION
POTION	2		POTION
POTION	3		POTION
POTION	4		POTION
POTION	5		POTION
POTION	6		POTION
POTION	7		POTION
POTION	8		POTION
POTION	9		POTION
POTION	10		POTION
POTION	11		POTION
POTION	12		POTION
POTION	13		POTION
POTION	14		POTION
POTION	15		POTION
GLASS_BOTTLE	0		GLASS_BOTTLE
GLASS_BOTTLE	1		GLASS_BOTTLE
GLASS_BOTTLE	2		GLASS_BOTTLE
GLASS_BOTTLE	3		GLASS_BOTTLE
GLASS_BOTTLE	4		GLASS_BOTTLE
GLASS_BOTTLE	5		GLASS_BOTTLE
GLASS_BOTTLE	6		GLASS_BOTTLE
GLASS_BOTTLE	7		GLASS_BOTTLE
GLASS_BOTTLE	8		GLASS_BOTTLE
GLASS_BOTTLE	9		GLASS_BOTTLE
GLASS_BOTTLE	10		GLASS_BOTTLE
GLASS_BOTTLE	11		GLASS_BOTTLE
GLASS_BOTTLE	12		GLASS_BOTTLE
GLASS_BOTTLE	13		GLASS_BOTTLE
GLASS_BOTTLE	14		GLASS_BOTTLE
GLASS_BOTTLE	15		GLASS_BOTTLE
SPIDER_EYE	0		SPIDER_EYE
SPIDER_EYE	1		SPIDER_EYE
SPIDER_EYE	2		SPIDER_EYE
SPIDER_EYE	3		SPIDER_EYE
SPIDER_EYE	4		SPIDER_EYE
SPIDER_EYE	5		SPIDER_EYE
SPIDER_EYE	6		SPIDER_EYE
SPIDER_EYE	7		SPIDER_EYE
SPIDER_EYE	8		SPIDER_EYE
SPIDER_EYE	9		SPIDER_EYE
SPIDER_EYE	10		SPIDER_EYE
SPIDER_EYE	11		SPIDER_EYE
SPIDER_EYE	12		SPIDER_EYE
SPIDER_EYE	13		SPIDER_EYE
SPIDER_EYE	14		SPIDER_EYE
SPIDER_EYE	15		SPIDER_EYE
FERMENTED_SPIDER_EYE	0		FERMENTED_SPIDER_EYE
FERMENTED_SPIDER_EYE	1		FERMENTED_SPIDER_EYE
FERMENTED_SPIDER_EYE	2		FERMENTED_SPIDER_EYE
FERMENTED_SPIDER_EYE	3		FERMENTED_SPIDER_EYE
FERMENTED_SPIDER_EYE	4		FERMENTED_SPIDER_EYE
FERMENTED_SPIDER_EYE	5		FERMENTED_SPIDER_EYE
FERMENTED_SPIDER_EYE	6		FERMENTED_SPIDER_EYE
FERMENTED_SPIDER_EYE	7		FERMENTED_SPIDER_EYE
FERMENTED_SPIDER_EYE	8		FERMENTED_SPIDER_EYE
FERMENTED_SPIDER_EYE	9		FERMENTED_SPIDER_EYE
FERMENTED_SPIDER_EYE	10		FERMENTED_SPIDER_EYE
FERMENTED_SPIDER_EYE	11		FERMENTED_SPIDER_EYE
FERMENTED_SPIDER_EYE	12		FERMENTED_SPIDER_EYE
FERMENTED_SPIDER_EYE	13		FERMENTED_SPIDER_EYE
FERMENTED_SPIDER_EYE	14		FERMENTED_SPIDER_EYE
FERMENTED_SPIDER_EYE	15		FERMENTED_SPIDER_EYE
BLAZE_POWDER	0		BLAZE_POWDER
BLAZE_POWDER	1		BLAZE_POWDER
BLAZE_POWDER	2		BLAZE_POWDER
BLAZE_POWDER	3		BLAZE_POWDER
BLAZE_POWDER	4		BLAZE_POWDER
BLAZE_POWDER	5		BLAZE_POWDER
BLAZE_POWDER	6		BLAZE_POWDER
BLAZE_POWDER	7		BLAZE_POWDER
BLAZE_POWDER	8		BLAZE_POWDER
BLAZE_POWDER	9		BLAZE_POWDER
BLAZE_POWDER	10		BLAZE_POWDER
BLAZE_POWDER	11		BLAZE_POWDER
BLAZE_POWDER	12		BLAZE_POWDER
BLAZE_POWDER	13		BLAZE_POWDER
BLAZE_POWDER	14		BLAZE_POWDER
BLAZE_POWDER	15		BLAZE_POWDER
MAGMA_CREAM	0		MAGMA_CREAM
MAGMA_CREAM	1		MAGMA_CREAM
MAGMA_CREAM	2		MAGMA_CREAM
MAGMA_CREAM	3		MAGMA_CREAM
MAGMA_CREAM	4		MAGMA_CREAM
MAGMA_CREAM	5		MAGMA_CREAM
MAGMA_CREAM	6		MAGMA_CREAM
MAGMA_CREAM	7		MAGMA_CREAM
MAGMA_CREAM	8		MAGMA_CREAM
MAGMA_CREAM	9		MAGMA_CREAM
MAGMA_CREAM	10		MAGMA_CREAM
MAGMA_CREAM	11		MAGMA_CREAM
MAGMA_CREAM	12		MAGMA_CREAM
MAGMA_CREAM	13		MAGMA_CREAM
MAGMA_CREAM	14		MAGMA_CREAM
MAGMA_CREAM	15		MAGMA_CREAM
BREWING_STAND_ITEM	0		BREWING_STAND
BREWING_STAND_ITEM	1		BREWING_STAND
BREWING_STAND_ITEM	2		BREWING_STAND
BREWING_STAND_ITEM	3		BREWING_STAND
BREWING_STAND_ITEM	4		BREWING_STAND
BREWING_STAND_ITEM	5		BREWING_STAND
BREWING_STAND_ITEM	6		BREWING_STAND
BREWING_STAND_ITEM	7		BREWING_STAND
BREWING_STAND_ITEM	8		BREWING_STAND
BREWING_STAND_ITEM	9		BREWING_STAND
BREWING_STAND_ITEM	10		BREWING_STAND
BREWING_STAND_ITEM	11		BREWING_STAND
BREWING_STAND_ITEM	12		BREWING_STAND
BREWING_STAND_ITEM	13		BREWING_STAND
BREWING_STAND_ITEM	14		BREWING_STAND
BREWING_STAND_ITEM	15		BREWING_STAND
CAULDRON_ITEM	0		CAULDRON
CAULDRON_ITEM	1		CAULDRON
CAULDRON_ITEM	2		CAULDRON
CAULDRON_ITEM	3		CAULDRON
CAULDRON_ITEM	4		CAULDRON
CAULDRON_ITEM	5		CAULDRON
CAULDRON_ITEM	6		CAULDRON
CAULDRON_ITEM	7		CAULDRON
CAULDRON_ITEM	8		CAULDRON
CAULDRON_ITEM	9		CAULDRON
CAULDRON_ITEM	10		CAULDRON
CAULDRON_ITEM	11		CAULDRON
CAULDRON_ITEM	12		CAULDRON
CAULDRON_ITEM	13		CAULDRON
CAULDRON_ITEM	14		CAULDRON
CAULDRON_ITEM	15		CAULDRON
EYE_OF_ENDER	0		ENDER_EYE
EYE_OF_ENDER	1		ENDER_EYE
EYE_OF_ENDER	2		ENDER_EYE
EYE_OF_ENDER	3		ENDER_EYE
EYE_OF_ENDER	4		ENDER_EYE
EYE_OF_ENDER	5		ENDER_EYE
EYE_OF_ENDER	6		ENDER_EYE
EYE_OF_ENDER	7		ENDER_EYE
EYE_OF_ENDER	8		ENDER_EYE
EYE_OF_ENDER	9		ENDER_EYE
EYE_OF_ENDER	10		ENDER_EYE
EYE_OF_ENDER	11		ENDER_EYE
EYE_OF_ENDER	12		ENDER_EYE
EYE_OF_ENDER	13		ENDER_EYE
EYE_OF_ENDER	14		ENDER_EYE
EYE_OF_ENDER	15		ENDER_EYE
SPECKLED_MELON	0		GLISTERING_MELON_SLICE
SPECKLED_MELON	1		GLISTERING_MELON_SLICE
SPECKLED_MELON	2		GLISTERING_MELON_SLICE
SPECKLED_MELON	3		GLISTERING_MELON_SLICE
SPECKLED_MELON	4		GLISTERING_MELON_SLICE
SPECKLED_MELON	5		GLISTERING_MELON_SLICE
SPECKLED_MELON	6		GLISTERING_MELON_SLICE
SPECKLED_MELON	7		GLISTERING_MELON_SLICE
SPECKLED_MELON	8		GLISTERING_MELON_SLICE
SPECKLED_MELON	9		GLISTERING_MELON_SLICE
SPECKLED_MELON	10		GLISTERING_MELON_SLICE
SPECKLED_MELON	11		GLISTERING_MELON_SLICE
SPECKLED_MELON	12		GLISTERING_MELON_SLICE
SPECKLED_MELON	13		GLISTERING_MELON_SLICE
SPECKLED_MELON	14		GLISTERING_MELON_SLICE
SPECKLED_MELON	15		GLISTERING_MELON_SLICE
MONSTER_EGG	0		PIG_SPAWN_EGG
MONSTER_EGG	4		ELDER_GUARDIAN_SPAWN_EGG
MONSTER_EGG	5		WITHER_SKELETON_SPAWN_EGG
MONSTER_EGG	6		STRAY_SPAWN_EGG
MONSTER_EGG	23		HUSK_SPAWN_EGG
MONSTER_EGG	27		ZOMBIE_VILLAGER_SPAWN_EGG
MONSTER_EGG	28		SKELETON_HORSE_SPAWN_EGG
MONSTER_EGG	29		ZOMBIE_HORSE_SPAWN_EGG
MONSTER_EGG	31		DONKEY_SPAWN_EGG
MONSTER_EGG	32		MULE_SPAWN_EGG
MONSTER_EGG	34		EVOKER_SPAWN_EGG
MONSTER_EGG	35		VEX_SPAWN_EGG
MONSTER_EGG	36		VINDICATOR_SPAWN_EGG
MONSTER_EGG	50		CREEPER_SPAWN_EGG
MONSTER_EGG	51		SKELETON_SPAWN_EGG
MONSTER_EGG	52		SPIDER_SPAWN_EGG
MONSTER_EGG	54		ZOMBIE_SPAWN_EGG
MONSTER_EGG	55		SLIME_SPAWN_EGG
MONSTER_EGG	56		GHAST_SPAWN_EGG
MONSTER_EGG	57		ZOMBIFIED_PIGLIN_SPAWN_EGG
MONSTER_EGG	58		ENDERMAN_SPAWN_EGG
MONSTER_EGG	59		CAVE_SPIDER_SPAWN_EGG
MONSTER_EGG	60		SILVERFISH_SPAWN_EGG
MONSTER_EGG	61		BLAZE_SPAWN_EGG
MONSTER_EGG	62		MAGMA_CUBE_SPAWN_EGG
MONSTER_EGG	65		BAT_SPAWN_EGG
MONSTER_EGG	66		WITCH_SPAWN_EGG
MONSTER_EGG	67		ENDERMITE_SPAWN_EGG
MONSTER_EGG	68		GUARDIAN_SPAWN_EGG
MONSTER_EGG	69		SHULKER_SPAWN_EGG
MONSTER_EGG	90		PIG_SPAWN_EGG
MONSTER_EGG	91		SHEEP_SPAWN_EGG
MONSTER_EGG	92		COW_SPAWN_EGG
MONSTER_EGG	93		CHICKEN_SPAWN_EGG
MONSTER_EGG	94		SQUID_SPAWN_EGG
MONSTER_EGG	95		WOLF_SPAWN_EGG
MONSTER_EGG	96		MOOSHROOM_SPAWN_EGG
MONSTER_EGG	98		OCELOT_SPAWN_EGG
MONSTER_EGG	100		HORSE_SPAWN_EGG
MONSTER_EGG	101		RABBIT_SPAWN_EGG
MONSTER_EGG	102		POLAR_BEAR_SPAWN_EGG
MONSTER_EGG	103		LLAMA_SPAWN_EGG
MONSTER_EGG	105		PARROT_SPAWN_EGG
MONSTER_EGG	120		VILLAGER_SPAWN_EGG
MONSTER_EGG	255		TURTLE_SPAWN_EGG
EXP_BOTTLE	0		EXPERIENCE_BOTTLE
EXP_BOTTLE	1		EXPERIENCE_BOTTLE
EXP_BOTTLE	2		EXPERIENCE_BOTTLE
EXP_BOTTLE	3		EXPERIENCE_BOTTLE
EXP_BOTTLE	4		EXPERIENCE_BOTTLE
EXP_BOTTLE	5		EXPERIENCE_BOTTLE
EXP_BOTTLE	6		EXPERIENCE_BOTTLE
EXP_BOTTLE	7		EXPERIENCE_BOTTLE
EXP_BOTTLE	8		EXPERIENCE_BOTTLE
EXP_BOTTLE	9		EXPERIENCE_BOTTLE
EXP_BOTTLE	10		EXPERIENCE_BOTTLE
EXP_BOTTLE	11		EXPERIENCE_BOTTLE
EXP_BOTTLE	12		EXPERIENCE_BOTTLE
EXP_BOTTLE	13		EXPERIENCE_BOTTLE
EXP_BOTTLE	14		EXPERIENCE_BOTTLE
EXP_BOTTLE	15		EXPERIENCE_BOTTLE
FIREBALL	0		FIRE_CHARGE
FIREBALL	1		FIRE_CHARGE
FIREBALL	2		FIRE_CHARGE
FIREBALL	3		FIRE_CHARGE
FIREBALL	4		FIRE_CHARGE
FIREBALL	5		FIRE_CHARGE
FIREBALL	6		FIRE_CHARGE
FIREBALL	7		FIRE_CHARGE
FIREBALL	8		FIRE_CHARGE
FIREBALL	9		FIRE_CHARGE
FIREBALL	10		FIRE_CHARGE
FIREBALL	11		FIRE_CHARGE
FIREBALL	12		FIRE_CHARGE
FIREBALL	13		FIRE_CHARGE
FIREBALL	14		FIRE_CHARGE
FIREBALL	15		FIRE_CHARGE
BOOK_AND_QUILL	0		WRITABLE_BOOK
BOOK_AND_QUILL	1		WRITABLE_BOOK
BOOK_AND_QUILL	2		WRITABLE_BOOK
BOOK_AND_QUILL	3		WRITABLE_BOOK
BOOK_AND_QUILL	4		WRITABLE_BOOK
BOOK_AND_QUILL	5		WRITABLE_BOOK
BOOK_AND_QUILL	6		WRITABLE_BOOK
BOOK_AND_QUILL	7		WRITABLE_BOOK
BOOK_AND_QUILL	8		WRITABLE_BOOK
BOOK_AND_QUILL	9		WRITABLE_BOOK
BOOK_AND_QUILL	10		WRITABLE_BOOK
BOOK_AND_QUILL	11		WRITABLE_BOOK
BOOK_AND_QUILL	12		WRITABLE_BOOK
BOOK_AND_QUILL	13		WRITABLE_BOOK
BOOK_AND_QUILL	14		WRITABLE_BOOK
BOOK_AND_QUILL	15		WRITABLE_BOOK
WRITTEN_BOOK	0		WRITTEN_BOOK
WRITTEN_BOOK	1		WRITTEN_BOOK
WRITTEN_BOOK	2		WRITTEN_BOOK
WRITTEN_BOOK	3		WRITTEN_BOOK
WRITTEN_BOOK	4		WRITTEN_BOOK
WRITTEN_BOOK	5		WRITTEN_BOOK
WRITTEN_BOOK	6		WRITTEN_BOOK
WRITTEN_BOOK	7		WRITTEN_BOOK
WRITTEN_BOOK	8		WRITTEN_BOOK
WRITTEN_BOOK	9		WRITTEN_BOOK
WRITTEN_BOOK	10		WRITTEN_BOOK
WRITTEN_BOOK	11		WRITTEN_BOOK
WRITTEN_BOOK	12		WRITTEN_BOOK
WRITTEN_BOOK	13		WRITTEN_BOOK
WRITTEN_BOOK	14		WRITTEN_BOOK
WRITTEN_BOOK	15		WRITTEN_BOOK
EMERALD	0		EMERALD
EMERALD	1		EMERALD
EMERALD	2		EMERALD
EMERALD	3		EMERALD
EMERALD	4		EMERALD
EMERALD	5		EMERALD
EMERALD	6		EMERALD
EMERALD	7		EMERALD
EMERALD	8		EMERALD
EMERALD	9		EMERALD
EMERALD	10		EMERALD
EMERALD	11		EMERALD
EMERALD	12		EMERALD
EMERALD	13		EMERALD
EMERALD	14		EMERALD
EMERALD	15		EMERALD
ITEM_FRAME	0		ITEM_FRAME
ITEM_FRAME	1		ITEM_FRAME
ITEM_FRAME	2		ITEM_FRAME
ITEM_FRAME	3		ITEM_FRAME
ITEM_FRAME	4		ITEM_FRAME
ITEM_FRAME	5		ITEM_FRAME
ITEM_FRAME	6		ITEM_FRAME
ITEM_FRAME	7		ITEM_FRAME
ITEM_FRAME	8		ITEM_FRAME
ITEM_FRAME	9		ITEM_FRAME
ITEM_FRAME	10		ITEM_FRAME
ITEM_FRAME	11		ITEM_FRAME
ITEM_FRAME	12		ITEM_FRAME
ITEM_FRAME	13		ITEM_FRAME
ITEM_FRAME	14		ITEM_FRAME
ITEM_FRAME	15		ITEM_FRAME
FLOWER_POT_ITEM	0		FLOWER_POT
FLOWER_POT_ITEM	1		FLOWER_POT
FLOWER_POT_ITEM	2		FLOWER_POT
FLOWER_POT_ITEM	3		FLOWER_POT
FLOWER_POT_ITEM	4		FLOWER_POT
FLOWER_POT_ITEM	5		FLOWER_POT
FLOWER_POT_ITEM	6		FLOWER_POT
FLOWER_POT_ITEM	7		FLOWER_POT
FLOWER_POT_ITEM	8		FLOWER_POT
FLOWER_POT_ITEM	9		FLOWER_POT
FLOWER_POT_ITEM	10		FLOWER_POT
FLOWER_POT_ITEM	11		FLOWER_POT
FLOWER_POT_ITEM	12		FLOWER_POT
FLOWER_POT_ITEM	13		FLOWER_POT
FLOWER_POT_ITEM	14		FLOWER_POT
FLOWER_POT_ITEM	15		FLOWER_POT
CARROT_ITEM	0		CARROT
CARROT_ITEM	1		CARROT
CARROT_ITEM	2		CARROT
CARROT_ITEM	3		CARROT
CARROT_ITEM	4		CARROT
CARROT_ITEM	5		CARROT
CARROT_ITEM	6		CARROT
CARROT_ITEM	7		CARROT
CARROT_ITEM	8		CARROT
CARROT_ITEM	9		CARROT
CARROT_ITEM	10		CARROT
CARROT_ITEM	11		CARROT
CARROT_ITEM	12		CARROT
CARROT_ITEM	13		CARROT
CARROT_ITEM	14		CARROT
CARROT_ITEM	15		CARROT
POTATO_ITEM	0		POTATO
POTATO_ITEM	1		POTATO
POTATO_ITEM	2		POTATO
POTATO_ITEM	3		POTATO
POTATO_ITEM	4		POTATO
POTATO_ITEM	5		POTATO
POTATO_ITEM	6		POTATO
POTATO_ITEM	7		POTATO
POTATO_ITEM	8		POTATO
POTATO_ITEM	9		POTATO
POTATO_ITEM	10		POTATO
POTATO_ITEM	11		POTATO
POTATO_ITEM	12		POTATO
POTATO_ITEM	13		POTATO
POTATO_ITEM	14		POTATO
POTATO_ITEM	15		POTATO
BAKED_POTATO	0		BAKED_POTATO
BAKED_POTATO	1		BAKED_POTATO
BAKED_POTATO	2		BAKED_POTATO
BAKED_POTATO	3		BAKED_POTATO
BAKED_POTATO	4		BAKED_POTATO
BAKED_POTATO	5		BAKED_POTATO
BAKED_POTATO	6		BAKED_POTATO
BAKED_POTATO	7		BAKED_POTATO
BAKED_POTATO	8		BAKED_POTATO
BAKED_POTATO	9		BAKED_POTATO
BAKED_POTATO	10		BAKED_POTATO
BAKED_POTATO	11		BAKED_POTATO
BAKED_POTATO	12		BAKED_POTATO
BAKED_POTATO	13		BAKED_POTATO
BAKED_POTATO	14		BAKED_POTATO
BAKED_POTATO	15		BAKED_POTATO
POISONOUS_POTATO	0		POISONOUS_POTATO
POISONOUS_POTATO	1		POISONOUS_POTATO
POISONOUS_POTATO	2		POISONOUS_POTATO
POISONOUS_POTATO	3		POISONOUS_POTATO
POISONOUS_POTATO	4		POISONOUS_POTATO
POISONOUS_POTATO	5		POISONOUS_POTATO
POISONOUS_POTATO	6		POISONOUS_POTATO
POISONOUS_POTATO	7		POISONOUS_POTATO
POISONOUS_POTATO	8		POISONOUS_POTATO
POISONOUS_POTATO	9		POISONOUS_POTATO
POISONOUS_POTATO	10		POISONOUS_POTATO
POISONOUS_POTATO	11		POISONOUS_POTATO
POISONOUS_POTATO	12		POISONOUS_POTATO
POISONOUS_POTATO	13		POISONOUS_POTATO
POISONOUS_POTATO	14		POISONOUS_POTATO
POISONOUS_POTATO	15		POISONOUS_POTATO
EMPTY_MAP	0		MAP
EMPTY_MAP	1		MAP
EMPTY_MAP	2		MAP
EMPTY_MAP	3		MAP
EMPTY_MAP	4		MAP
EMPTY_MAP	5		MAP
EMPTY_MAP	6		MAP
EMPTY_MAP	7		MAP
EMPTY_MAP	8		MAP
EMPTY_MAP	9		MAP
EMPTY_MAP	10		MAP
EMPTY_MAP	11		MAP
EMPTY_MAP	12		MAP
EMPTY_MAP	13		MAP
EMPTY_MAP	14		MAP
EMPTY_MAP	15		MAP
GOLDEN_CARROT	0		GOLDEN_CARROT
GOLDEN_CARROT	1		GOLDEN_CARROT
GOLDEN_CARROT	2		GOLDEN_CARROT
GOLDEN_CARROT	3		GOLDEN_CARROT
GOLDEN_CARROT	4		GOLDEN_CARROT
GOLDEN_CARROT	5		GOLDEN_CARROT
GOLDEN_CARROT	6		GOLDEN_CARROT
GOLDEN_CARROT	7		GOLDEN_CARROT
GOLDEN_CARROT	8		GOLDEN_CARROT
GOLDEN_CARROT	9		GOLDEN_CARROT
GOLDEN_CARROT	10		GOLDEN_CARROT
GOLDEN_CARROT	11		GOLDEN_CARROT
GOLDEN_CARROT	12		GOLDEN_CARROT
GOLDEN_CARROT	13		GOLDEN_CARROT
GOLDEN_CARROT	14		GOLDEN_CARROT
GOLDEN_CARROT	15		GOLDEN_CARROT
SKULL_ITEM	0		SKELETON_SKULL
SKULL_ITEM	1		WITHER_SKELETON_SKULL
SKULL_ITEM	2		ZOMBIE_HEAD
SKULL_ITEM	3		PLAYER_HEAD
SKULL_ITEM	4		CREEPER_HEAD
SKULL_ITEM	5		DRAGON_HEAD
SKULL_ITEM	6		SKELETON_SKULL
SKULL_ITEM	7		SKELETON_SKULL
SKULL_ITEM	8		SKELETON_SKULL
SKULL_ITEM	9		SKELETON_SKULL
SKULL_ITEM	10		SKELETON_SKULL
SKULL_ITEM	11		SKELETON_SKULL
SKULL_ITEM	12		SKELETON_SKULL
SKULL_ITEM	13		SKELETON_SKULL
SKULL_ITEM	14		SKELETON_SKULL
SKULL_ITEM	15		SKELETON_SKULL
CARROT_STICK	0		CARROT_ON_A_STICK
NETHER_STAR	0		NETHER_STAR
NETHER_STAR	1		NETHER_STAR
NETHER_STAR	2		NETHER_STAR
NETHER_STAR	3		NETHER_STAR
NETHER_STAR	4		NETHER_STAR
NETHER_STAR	5		NETHER_STAR
NETHER_STAR	6		NETHER_STAR
NETHER_STAR	7		NETHER_STAR
NETHER_STAR	8		NETHER_STAR
NETHER_STAR	9		NETHER_STAR
NETHER_STAR	10		NETHER_STAR
NETHER_STAR	11		NETHER_STAR
NETHER_STAR	12		NETHER_STAR
NETHER_STAR	13		NETHER_STAR
NETHER_STAR	14		NETHER_STAR
NETHER_STAR	15		NETHER_STAR
PUMPKIN_PIE	0		PUMPKIN_PIE
PUMPKIN_PIE	1		PUMPKIN_PIE
PUMPKIN_PIE	2		PUMPKIN_PIE
PUMPKIN_PIE	3		PUMPKIN_PIE
PUMPKIN_PIE	4		PUMPKIN_PIE
PUMPKIN_PIE	5		PUMPKIN_PIE
PUMPKIN_PIE	6		PUMPKIN_PIE
PUMPKIN_PIE	7		PUMPKIN_PIE
PUMPKIN_PIE	8		PUMPKIN_PIE
PUMPKIN_PIE	9		PUMPKIN_PIE
PUMPKIN_PIE	10		PUMPKIN_PIE
PUMPKIN_PIE	11		PUMPKIN_PIE
PUMPKIN_PIE	12		PUMPKIN_PIE
PUMPKIN_PIE	13		PUMPKIN_PIE
PUMPKIN_PIE	14		PUMPKIN_PIE
PUMPKIN_PIE	15		PUMPKIN_PIE
FIREWORK	0		FIREWORK_ROCKET
FIREWORK	1		FIREWORK_ROCKET
FIREWORK	2		FIREWORK_ROCKET
FIREWORK	3		FIREWORK_ROCKET
FIREWORK	4		FIREWORK_ROCKET
FIREWORK	5		FIREWORK_ROCKET
FIREWORK	6		FIREWORK_ROCKET
FIREWORK	7		FIREWORK_ROCKET
FIREWORK	8		FIREWORK_ROCKET
FIREWORK	9		FIREWORK_ROCKET
FIREWORK	10		FIREWORK_ROCKET
FIREWORK	11		FIREWORK_ROCKET
FIREWORK	12		FIREWORK_ROCKET
FIREWORK	13		FIREWORK_ROCKET
FIREWORK	14		FIREWORK_ROCKET
FIREWORK	15		FIREWORK_ROCKET
FIREWORK_CHARGE	0		FIREWORK_STAR
FIREWORK_CHARGE	1		FIREWORK_STAR
FIREWORK_CHARGE	2		FIREWORK_STAR
FIREWORK_CHARGE	3		FIREWORK_STAR
FIREWORK_CHARGE	4		FIREWORK_STAR
FIREWORK_CHARGE	5		FIREWORK_STAR
FIREWORK_CHARGE	6		FIREWORK_STAR
FIREWORK_CHARGE	7		FIREWORK_STAR
FIREWORK_CHARGE	8		FIREWORK_STAR
FIREWORK_CHARGE	9		FIREWORK_STAR
FIREWORK_CHARGE	10		FIREWORK_STAR
FIREWORK_CHARGE	11		FIREWORK_STAR
FIREWORK_CHARGE	12		FIREWORK_STAR
FIREWORK_CHARGE	13		FIREWORK_STAR
FIREWORK_CHARGE	14		FIREWORK_STAR
FIREWORK_CHARGE	15		FIREWORK_STAR
ENCHANTED_BOOK	0		ENCHANTED_BOOK
ENCHANTED_BOOK	1		ENCHANTED_BOOK
ENCHANTED_BOOK	2		ENCHANTED_BOOK
ENCHANTED_BOOK	3		ENCHANTED_BOOK
ENCHANTED_BOOK	4		ENCHANTED_BOOK
ENCHANTED_BOOK	5		ENCHANTED_BOOK
ENCHANTED_BOOK	6		ENCHANTED_BOOK
ENCHANTED_BOOK	7		ENCHANTED_BOOK
ENCHANTED_BOOK	8		ENCHANTED_BOOK
ENCHANTED_BOOK	9		ENCHANTED_BOOK
ENCHANTED_BOOK	10		ENCHANTED_BOOK
ENCHANTED_BOOK	11		ENCHANTED_BOOK
ENCHANTED_BOOK	12		ENCHANTED_BOOK
ENCHANTED_BOOK	13		ENCHANTED_BOOK
ENCHANTED_BOOK	14		ENCHANTED_BOOK
ENCHANTED_BOOK	15		ENCHANTED_BOOK
REDSTONE_COMPARATOR	0		COMPARATOR
REDSTONE_COMPARATOR	1		COMPARATOR
REDSTONE_COMPARATOR	2		COMPARATOR
REDSTONE_COMPARATOR	3		COMPARATOR
REDSTONE_COMPARATOR	4		COMPARATOR
REDSTONE_COMPARATOR	5		COMPARATOR
REDSTONE_COMPARATOR	6		COMPARATOR
REDSTONE_COMPARATOR	7		COMPARATOR
REDSTONE_COMPARATOR	8		COMPARATOR
REDSTONE_COMPARATOR	9		COMPARATOR
REDSTONE_COMPARATOR	10		COMPARATOR
REDSTONE_COMPARATOR	11		COMPARATOR
REDSTONE_COMPARATOR	12		COMPARATOR
REDSTONE_COMPARATOR	13		COMPARATOR
REDSTONE_COMPARATOR	14		COMPARATOR
REDSTONE_COMPARATOR	15		COMPARATOR
NETHER_BRICK_ITEM	0		NETHER_BRICK
NETHER_BRICK_ITEM	1		NETHER_BRICK
NETHER_BRICK_ITEM	2		NETHER_BRICK
NETHER_BRICK_ITEM	3		NETHER_BRICK
NETHER_BRICK_ITEM	4		NETHER_BRICK
NETHER_BRICK_ITEM	5		NETHER_BRICK
NETHER_BRICK_ITEM	6		NETHER_BRICK
NETHER_BRICK_ITEM	7		NETHER_BRICK
NETHER_BRICK_ITEM	8		NETHER_BRICK
NETHER_BRICK_ITEM	9		NETHER_BRICK
NETHER_BRICK_ITEM	10		NETHER_BRICK
NETHER_BRICK_ITEM	11		NETHER_BRICK
NETHER_BRICK_ITEM	12		NETHER_BRICK
NETHER_BRICK_ITEM	13		NETHER_BRICK
NETHER_BRICK_ITEM	14		NETHER_BRICK
NETHER_BRICK_ITEM	15		NETHER_BRICK
QUARTZ	0		QUARTZ
QUARTZ	1		QUARTZ
QUARTZ	2		QUARTZ
QUARTZ	3		QUARTZ
QUARTZ	4		QUARTZ
QUARTZ	5		QUARTZ
QUARTZ	6		QUARTZ
QUARTZ	7		QUARTZ
QUARTZ	8		QUARTZ
QUARTZ	9		QUARTZ
QUARTZ	10		QUARTZ
QUARTZ	11		QUARTZ
QUARTZ	12		QUARTZ
QUARTZ	13		QUARTZ
QUARTZ	14		QUARTZ
QUARTZ	15		QUARTZ
EXPLOSIVE_MINECART	0		TNT_MINECART
EXPLOSIVE_MINECART	1		TNT_MINECART
EXPLOSIVE_MINECART	2		TNT_MINECART
EXPLOSIVE_MINECART	3		TNT_MINECART
EXPLOSIVE_MINECART	4		TNT_MINECART
EXPLOSIVE_MINECART	5		TNT_MINECART
EXPLOSIVE_MINECART	6		TNT_MINECART
EXPLOSIVE_MINECART	7		TNT_MINECART
EXPLOSIVE_MINECART	8		TNT_MINECART
EXPLOSIVE_MINECART	9		TNT_MINECART
EXPLOSIVE_MINECART	10		TNT_MINECART
EXPLOSIVE_MINECART	11		TNT_MINECART
EXPLOSIVE_MINECART	12		TNT_MINECART
EXPLOSIVE_MINECART	13		TNT_MINECART
EXPLOSIVE_MINECART	14		TNT_MINECART
EXPLOSIVE_MINECART	15		TNT_MINECART
HOPPER_MINECART	0		HOPPER_MINECART
HOPPER_MINECART	1		HOPPER_MINECART
HOPPER_MINECART	2		HOPPER_MINECART
HOPPER_MINECART	3		HOPPER_MINECART
HOPPER_MINECART	4		HOPPER_MINECART
HOPPER_MINECART	5		HOPPER_MINECART
HOPPER_MINECART	6		HOPPER_MINECART
HOPPER_MINECART	7		HOPPER_MINECART
HOPPER_MINECART	8		HOPPER_MINECART
HOPPER_MINECART	9		HOPPER_MINECART
HOPPER_MINECART	10		HOPPER_MINECART
HOPPER_MINECART	11		HOPPER_MINECART
HOPPER_MINECART	12		HOPPER_MINECART
HOPPER_MINECART	13		HOPPER_MINECART
HOPPER_MINECART	14		HOPPER_MINECART
HOPPER_MINECART	15		HOPPER_MINECART
PRISMARINE_SHARD	0		PRISMARINE_SHARD
PRISMARINE_SHARD	1		PRISMARINE_SHARD
PRISMARINE_SHARD	2		PRISMARINE_SHARD
PRISMARINE_SHARD	3		PRISMARINE_SHARD
PRISMARINE_SHARD	4		PRISMARINE_SHARD
PRISMARINE_SHARD	5		PRISMARINE_SHARD
PRISMARINE_SHARD	6		PRISMARINE_SHARD
PRISMARINE_SHARD	7		PRISMARINE_SHARD
PRISMARINE_SHARD	8		PRISMARINE_SHARD
PRISMARINE_SHARD	9		PRISMARINE_SHARD
PRISMARINE_SHARD	10		PRISMARINE_SHARD
PRISMARINE_SHARD	11		PRISMARINE_SHARD
PRISMARINE_SHARD	12		PRISMARINE_SHARD
PRISMARINE_SHARD	13		PRISMARINE_SHARD
PRISMARINE_SHARD	14		PRISMARINE_SHARD
PRISMARINE_SHARD	15		PRISMARINE_SHARD
PRISMARINE_CRYSTALS	0		PRISMARINE_CRYSTALS
PRISMARINE_CRYSTALS	1		PRISMARINE_CRYSTALS
PRISMARINE_CRYSTALS	2		PRISMARINE_CRYSTALS
PRISMARINE_CRYSTALS	3		PRISMARINE_CRYSTALS
PRISMARINE_CRYSTALS	4		PRISMARINE_CRYSTALS
PRISMARINE_CRYSTALS	5		PRISMARINE_CRYSTALS
PRISMARINE_CRYSTALS	6		PRISMARINE_CRYSTALS
PRISMARINE_CRYSTALS	7		PRISMARINE_CRYSTALS
PRISMARINE_CRYSTALS	8		PRISMARINE_CRYSTALS
PRISMARINE_CRYSTALS	9		PRISMARINE_CRYSTALS
PRISMARINE_CRYSTALS	10		PRISMARINE_CRYSTALS
PRISMARINE_CRYSTALS	11		PRISMARINE_CRYSTALS
PRISMARINE_CRYSTALS	12		PRISMARINE_CRYSTALS
PRISMARINE_CRYSTALS	13		PRISMARINE_CRYSTALS
PRISMARINE_CRYSTALS	14		PRISMARINE_CRYSTALS
PRISMARINE_CRYSTALS	15		PRISMARINE_CRYSTALS
RABBIT	0		RABBIT
RABBIT	1		RABBIT
RABBIT	2		RABBIT
RABBIT	3		RABBIT
RABBIT	4		RABBIT
RABBIT	5		RABBIT
RABBIT	6		RABBIT
RABBIT	7		RABBIT
RABBIT	8		RABBIT
RABBIT	9		RABBIT
RABBIT	10		RABBIT
RABBIT	11		RABBIT
RABBIT	12		RABBIT
RABBIT	13		RABBIT
RABBIT	14		RABBIT
RABBIT	15		RABBIT
COOKED_RABBIT	0		COOKED_RABBIT
COOKED_RABBIT	1		COOKED_RABBIT
COOKED_RABBIT	2		COOKED_RABBIT
COOKED_RABBIT	3		COOKED_RABBIT
COOKED_RABBIT	4		COOKED_RABBIT
COOKED_RABBIT	5		COOKED_RABBIT
COOKED_RABBIT	6		COOKED_RABBIT
COOKED_RABBIT	7		COOKED_RABBIT
COOKED_RABBIT	8		COOKED_RABBIT
COOKED_RABBIT	9		COOKED_RABBIT
COOKED_RABBIT	10		COOKED_RABBIT
COOKED_RABBIT	11		COOKED_RABBIT
COOKED_RABBIT	12		COOKED_RABBIT
COOKED_RABBIT	13		COOKED_RABBIT
COOKED_RABBIT	14		COOKED_RABBIT
COOKED_RABBIT	15		COOKED_RABBIT
RABBIT_STEW	0		RABBIT_STEW
RABBIT_STEW	1		RABBIT_STEW
RABBIT_STEW	2		RABBIT_STEW
RABBIT_STEW	3		RABBIT_STEW
RABBIT_STEW	4		RABBIT_STEW
RABBIT_STEW	5		RABBIT_STEW
RABBIT_STEW	6		RABBIT_STEW
RABBIT_STEW	7		RABBIT_STEW
RABBIT_STEW	8		RABBIT_STEW
RABBIT_STEW	9		RABBIT_STEW
RABBIT_STEW	10		RABBIT_STEW
RABBIT_STEW	11		RABBIT_STEW
RABBIT_STEW	12		RABBIT_STEW
RABBIT_STEW	13		RABBIT_STEW
RABBIT_STEW	14		RABBIT_STEW
RABBIT_STEW	15		RABBIT_STEW
RABBIT_FOOT	0		RABBIT_FOOT
RABBIT_FOOT	1		RABBIT_FOOT
RABBIT_FOOT	2		RABBIT_FOOT
RABBIT_FOOT	3		RABBIT_FOOT
RABBIT_FOOT	4		RABBIT_FOOT
RABBIT_FOOT	5		RABBIT_FOOT
RABBIT_FOOT	6		RABBIT_FOOT
RABBIT_FOOT	7		RABBIT_FOOT
RABBIT_FOOT	8		RABBIT_FOOT
RABBIT_FOOT	9		RABBIT_FOOT
RABBIT_FOOT	10		RABBIT_FOOT
RABBIT_FOOT	11		RABBIT_FOOT
RABBIT_FOOT	12		RABBIT_FOOT
RABBIT_FOOT	13		RABBIT_FOOT
RABBIT_FOOT	14		RABBIT_FOOT
RABBIT_FOOT	15		RABBIT_FOOT
RABBIT_HIDE	0		RABBIT_HIDE
RABBIT_HIDE	1		RABBIT_HIDE
RABBIT_HIDE	2		RABBIT_HIDE
RABBIT_HIDE	3		RABBIT_HIDE
RABBIT_HIDE	4		RABBIT_HIDE
RABBIT_HIDE	5		RABBIT_HIDE
RABBIT_HIDE	6		RABBIT_HIDE
RABBIT_HIDE	7		RABBIT_HIDE
RABBIT_HIDE	8		RABBIT_HIDE
RABBIT_HIDE	9		RABBIT_HIDE
RABBIT_HIDE	10		RABBIT_HIDE
RABBIT_HIDE	11		RABBIT_HIDE
RABBIT_HIDE	12		RABBIT_HIDE
RABBIT_HIDE	13		RABBIT_HIDE
RABBIT_HIDE	14		RABBIT_HIDE
RABBIT_HIDE	15		RABBIT_HIDE
ARMOR_STAND	0		ARMOR_STAND
ARMOR_STAND	1		ARMOR_STAND
ARMOR_STAND	2		ARMOR_STAND
ARMOR_STAND	3		ARMOR_STAND
ARMOR_STAND	4		ARMOR_STAND
ARMOR_STAND	5		ARMOR_STAND
ARMOR_STAND	6		ARMOR_STAND
ARMOR_STAND	7		ARMOR_STAND
ARMOR_STAND	8		ARMOR_STAND
ARMOR_STAND	9		ARMOR_STAND
ARMOR_STAND	10		ARMOR_STAND
ARMOR_STAND	11		ARMOR_STAND
ARMOR_STAND	12		ARMOR_STAND
ARMOR_STAND	13		ARMOR_STAND
ARMOR_STAND	14		ARMOR_STAND
ARMOR_STAND	15		ARMOR_STAND
IRON_BARDING	0		IRON_HORSE_ARMOR
IRON_BARDING	1		IRON_HORSE_ARMOR
IRON_BARDING	2		IRON_HORSE_ARMOR
IRON_BARDING	3		IRON_HORSE_ARMOR
IRON_BARDING	4		IRON_HORSE_ARMOR
IRON_BARDING	5		IRON_HORSE_ARMOR
IRON_BARDING	6		IRON_HORSE_ARMOR
IRON_BARDING	7		IRON_HORSE_ARMOR
IRON_BARDING	8		IRON_HORSE_ARMOR
IRON_BARDING	9		IRON_HORSE_ARMOR
IRON_BARDING	10		IRON_HORSE_ARMOR
IRON_BARDING	11		IRON_HORSE_ARMOR
IRON_BARDING	12		IRON_HORSE_ARMOR
IRON_BARDING	13		IRON_HORSE_ARMOR
IRON_BARDING	14		IRON_HORSE_ARMOR
IRON_BARDING	15		IRON_HORSE_ARMOR
GOLD_BARDING	0		GOLDEN_HORSE_ARMOR
GOLD_BARDING	1		GOLDEN_HORSE_ARMOR
GOLD_BARDING	2		GOLDEN_HORSE_ARMOR
GOLD_BARDING	3		GOLDEN_HORSE_ARMOR
GOLD_BARDING	4		GOLDEN_HORSE_ARMOR
GOLD_BARDING	5		GOLDEN_HORSE_ARMOR
GOLD_BARDING	6		GOLDEN_HORSE_ARMOR
GOLD_BARDING	7		GOLDEN_HORSE_ARMOR
GOLD_BARDING	8		GOLDEN_HORSE_ARMOR
GOLD_BARDING	9		GOLDEN_HORSE_ARMOR
GOLD_BARDING	10		GOLDEN_HORSE_ARMOR
GOLD_BARDING	11		GOLDEN_HORSE_ARMOR
GOLD_BARDING	12		GOLDEN_HORSE_ARMOR
GOLD_BARDING	13		GOLDEN_HORSE_ARMOR
GOLD_BARDING	14		GOLDEN_HORSE_ARMOR
GOLD_BARDING	15		GOLDEN_HORSE_ARMOR
DIAMOND_BARDING	0		DIAMOND_HORSE_ARMOR
DIAMOND_BARDING	1		DIAMOND_HORSE_ARMOR
DIAMOND_BARDING	2		DIAMOND_HORSE_ARMOR
DIAMOND_BARDING	3		DIAMOND_HORSE_ARMOR
DIAMOND_BARDING	4		DIAMOND_HORSE_ARMOR
DIAMOND_BARDING	5		DIAMOND_HORSE_ARMOR
DIAMOND_BARDING	6		DIAMOND_HORSE_ARMOR
DIAMOND_BARDING	7		DIAMOND_HORSE_ARMOR
DIAMOND_BARDING	8		DIAMOND_HORSE_ARMOR
DIAMOND_BARDING	9		DIAMOND_HORSE_ARMOR
DIAMOND_BARDING	10		DIAMOND_HORSE_ARMOR
DIAMOND_BARDING	11		DIAMOND_HORSE_ARMOR
DIAMOND_BARDING	12		DIAMOND_HORSE_ARMOR
DIAMOND_BARDING	13		DIAMOND_HORSE_ARMOR
DIAMOND_BARDING	14		DIAMOND_HORSE_ARMOR
DIAMOND_BARDING	15		DIAMOND_HORSE_ARMOR
LEASH	0		LEAD
LEASH	1		LEAD
LEASH	2		LEAD
LEASH	3		LEAD
LEASH	4		LEAD
LEASH	5		LEAD
LEASH	6		LEAD
LEASH	7		LEAD
LEASH	8		LEAD
LEASH	9		LEAD
LEASH	10		LEAD
LEASH	11		LEAD
LEASH	12		LEAD
LEASH	13		LEAD
LEASH	14		LEAD
LEASH	15		LEAD
NAME_TAG	0		NAME_TAG
NAME_TAG	1		NAME_TAG
NAME_TAG	2		NAME_TAG
NAME_TAG	3		NAME_TAG
NAME_TAG	4		NAME_TAG
NAME_TAG	5		NAME_TAG
NAME_TAG	6		NAME_TAG
NAME_TAG	7		NAME_TAG
NAME_TAG	8		NAME_TAG
NAME_TAG	9		NAME_TAG
NAME_TAG	10		NAME_TAG
NAME_TAG	11		NAME_TAG
NAME_TAG	12		NAME_TAG
NAME_TAG	13		NAME_TAG
NAME_TAG	14		NAME_TAG
NAME_TAG	15		NAME_TAG
COMMAND_MINECART	0		COMMAND_BLOCK_MINECART
COMMAND_MINECART	1		COMMAND_BLOCK_MINECART
COMMAND_MINECART	2		COMMAND_BLOCK_MINECART
COMMAND_MINECART	3		COMMAND_BLOCK_MINECART
COMMAND_MINECART	4		COMMAND_BLOCK_MINECART
COMMAND_MINECART	5		COMMAND_BLOCK_MINECART
COMMAND_MINECART	6		COMMAND_BLOCK_MINECART
COMMAND_MINECART	7		COMMAND_BLOCK_MINECART
COMMAND_MINECART	8		COMMAND_BLOCK_MINECART
COMMAND_MINECART	9		COMMAND_BLOCK_MINECART
COMMAND_MINECART	10		COMMAND_BLOCK_MINECART
COMMAND_MINECART	11		COMMAND_BLOCK_MINECART
COMMAND_MINECART	12		COMMAND_BLOCK_MINECART
COMMAND_MINECART	13		COMMAND_BLOCK_MINECART
COMMAND_MINECART	14		COMMAND_BLOCK_MINECART
COMMAND_MINECART	15		COMMAND_BLOCK_MINECART
MUTTON	0		MUTTON
MUTTON	1		MUTTON
MUTTON	2		MUTTON
MUTTON	3		MUTTON
MUTTON	4		MUTTON
MUTTON	5		MUTTON
MUTTON	6		MUTTON
MUTTON	7		MUTTON
MUTTON	8		MUTTON
MUTTON	9		MUTTON
MUTTON	10		MUTTON
MUTTON	11		MUTTON
MUTTON	12		MUTTON
MUTTON	13		MUTTON
MUTTON	14		MUTTON
MUTTON	15		MUTTON
COOKED_MUTTON	0		COOKED_MUTTON
COOKED_MUTTON	1		COOKED_MUTTON
COOKED_MUTTON	2		COOKED_MUTTON
COOKED_MUTTON	3		COOKED_MUTTON
COOKED_MUTTON	4		COOKED_MUTTON
COOKED_MUTTON	5		COOKED_MUTTON
COOKED_MUTTON	6		COOKED_MUTTON
COOKED_MUTTON	7		COOKED_MUTTON
COOKED_MUTTON	8		COOKED_MUTTON
COOKED_MUTTON	9		COOKED_MUTTON
COOKED_MUTTON	10		COOKED_MUTTON
COOKED_MUTTON	11		COOKED_MUTTON
COOKED_MUTTON	12		COOKED_MUTTON
COOKED_MUTTON	13		COOKED_MUTTON
COOKED_MUTTON	14		COOKED_MUTTON
COOKED_MUTTON	15		COOKED_MUTTON
BANNER	0		BLACK_BANNER
BANNER	1		RED_BANNER
BANNER	2		GREEN_BANNER
BANNER	3		BROWN_BANNER
BANNER	4		BLUE_BANNER
BANNER	5		PURPLE_BANNER
BANNER	6		CYAN_BANNER
BANNER	7		LIGHT_GRAY_BANNER
BANNER	8		GRAY_BANNER
BANNER	9		PINK_BANNER
BANNER	10		LIME_BANNER
BANNER	11		YELLOW_BANNER
BANNER	12		LIGHT_BLUE_BANNER
BANNER	13		MAGENTA_BANNER
BANNER	14		ORANGE_BANNER
BANNER	15		WHITE_BANNER
END_CRYSTAL	0		END_CRYSTAL
END_CRYSTAL	1		END_CRYSTAL
END_CRYSTAL	2		END_CRYSTAL
END_CRYSTAL	3		END_CRYSTAL
END_CRYSTAL	4		END_CRYSTAL
END_CRYSTAL	5		END_CRYSTAL
END_CRYSTAL	6		END_CRYSTAL
END_CRYSTAL	7		END_CRYSTAL
END_CRYSTAL	8		END_CRYSTAL
END_CRYSTAL	9		END_CRYSTAL
END_CRYSTAL	10		END_CRYSTAL
END_CRYSTAL	11		END_CRYSTAL
END_CRYSTAL	12		END_CRYSTAL
END_CRYSTAL	13		END_CRYSTAL
END_CRYSTAL	14		END_CRYSTAL
END_CRYSTAL	15		END_CRYSTAL
SPRUCE_DOOR_ITEM	0		SPRUCE_DOOR
SPRUCE_DOOR_ITEM	1		SPRUCE_DOOR
SPRUCE_DOOR_ITEM	2		SPRUCE_DOOR
SPRUCE_DOOR_ITEM	3		SPRUCE_DOOR
SPRUCE_DOOR_ITEM	4		SPRUCE_DOOR
SPRUCE_DOOR_ITEM	5		SPRUCE_DOOR
SPRUCE_DOOR_ITEM	6		SPRUCE_DOOR
SPRUCE_DOOR_ITEM	7		SPRUCE_DOOR
SPRUCE_DOOR_ITEM	8		SPRUCE_DOOR
SPRUCE_DOOR_ITEM	9		SPRUCE_DOOR
SPRUCE_DOOR_ITEM	10		SPRUCE_DOOR
SPRUCE_DOOR_ITEM	11		SPRUCE_DOOR
SPRUCE_DOOR_ITEM	12		SPRUCE_DOOR
SPRUCE_DOOR_ITEM	13		SPRUCE_DOOR
SPRUCE_DOOR_ITEM	14		SPRUCE_DOOR
SPRUCE_DOOR_ITEM	15		SPRUCE_DOOR
BIRCH_DOOR_ITEM	0		BIRCH_DOOR
BIRCH_DOOR_ITEM	1		BIRCH_DOOR
BIRCH_DOOR_ITEM	2		BIRCH_DOOR
BIRCH_DOOR_ITEM	3		BIRCH_DOOR
BIRCH_DOOR_ITEM	4		BIRCH_DOOR
BIRCH_DOOR_ITEM	5		BIRCH_DOOR
BIRCH_DOOR_ITEM	6		BIRCH_DOOR
BIRCH_DOOR_ITEM	7		BIRCH_DOOR
BIRCH_DOOR_ITEM	8		BIRCH_DOOR
BIRCH_DOOR_ITEM	9		BIRCH_DOOR
BIRCH_DOOR_ITEM	10		BIRCH_DOOR
BIRCH_DOOR_ITEM	11		BIRCH_DOOR
BIRCH_DOOR_ITEM	12		BIRCH_DOOR
BIRCH_DOOR_ITEM	13		BIRCH_DOOR
BIRCH_DOOR_ITEM	14		BIRCH_DOOR
BIRCH_DOOR_ITEM	15		BIRCH_DOOR
JUNGLE_DOOR_ITEM	0		JUNGLE_DOOR
JUNGLE_DOOR_ITEM	1		JUNGLE_DOOR
JUNGLE_DOOR_ITEM	2		JUNGLE_DOOR
JUNGLE_DOOR_ITEM	3		JUNGLE_DOOR
JUNGLE_DOOR_ITEM	4		JUNGLE_DOOR
JUNGLE_DOOR_ITEM	5		JUNGLE_DOOR
JUNGLE_DOOR_ITEM	6		JUNGLE_DOOR
JUNGLE_DOOR_ITEM	7		JUNGLE_DOOR
JUNGLE_DOOR_ITEM	8		JUNGLE_DOOR
JUNGLE_DOOR_ITEM	9		JUNGLE_DOOR
JUNGLE_DOOR_ITEM	10		JUNGLE_DOOR
JUNGLE_DOOR_ITEM	11		JUNGLE_DOOR
JUNGLE_DOOR_ITEM	12		JUNGLE_DOOR
JUNGLE_DOOR_ITEM	13		JUNGLE_DOOR
JUNGLE_DOOR_ITEM	14		JUNGLE_DOOR
JUNGLE_DOOR_ITEM	15		JUNGLE_DOOR
ACACIA_DOOR_ITEM	0		ACACIA_DOOR
ACACIA_DOOR_ITEM	1		ACACIA_DOOR
ACACIA_DOOR_ITEM	2		ACACIA_DOOR
ACACIA_DOOR_ITEM	3		ACACIA_DOOR
ACACIA_DOOR_ITEM	4		ACACIA_DOOR
ACACIA_DOOR_ITEM	5		ACACIA_DOOR
ACACIA_DOOR_ITEM	6		ACACIA_DOOR
ACACIA_DOOR_ITEM	7		ACACIA_DOOR
ACACIA_DOOR_ITEM	8		ACACIA_DOOR
ACACIA_DOOR_ITEM	9		ACACIA_DOOR
ACACIA_DOOR_ITEM	10		ACACIA_DOOR
ACACIA_DOOR_ITEM	11		ACACIA_DOOR
ACACIA_DOOR_ITEM	12		ACACIA_DOOR
ACACIA_DOOR_ITEM	13		ACACIA_DOOR
ACACIA_DOOR_ITEM	14		ACACIA_DOOR
ACACIA_DOOR_ITEM	15		ACACIA_DOOR
DARK_OAK_DOOR_ITEM	0		DARK_OAK_DOOR
DARK_OAK_DOOR_ITEM	1		DARK_OAK_DOOR
DARK_OAK_DOOR_ITEM	2		DARK_OAK_DOOR
DARK_OAK_DOOR_ITEM	3		DARK_OAK_DOOR
DARK_OAK_DOOR_ITEM	4		DARK_OAK_DOOR
DARK_OAK_DOOR_ITEM	5		DARK_OAK_DOOR
DARK_OAK_DOOR_ITEM	6		DARK_OAK_DOOR
DARK_OAK_DOOR_ITEM	7		DARK_OAK_DOOR
DARK_OAK_DOOR_ITEM	8		DARK_OAK_DOOR
DARK_OAK_DOOR_ITEM	9		DARK_OAK_DOOR
DARK_OAK_DOOR_ITEM	10		DARK_OAK_DOOR
DARK_OAK_DOOR_ITEM	11		DARK_OAK_DOOR
DARK_OAK_DOOR_ITEM	12		DARK_OAK_DOOR
DARK_OAK_DOOR_ITEM	13		DARK_OAK_DOOR
DARK_OAK_DOOR_ITEM	14		DARK_OAK_DOOR
DARK_OAK_DOOR_ITEM	15		DARK_OAK_DOOR
CHORUS_FRUIT	0		CHORUS_FRUIT
CHORUS_FRUIT	1		CHORUS_FRUIT
CHORUS_FRUIT	2		CHORUS_FRUIT
CHORUS_FRUIT	3		CHORUS_FRUIT
CHORUS_FRUIT	4		CHORUS_FRUIT
CHORUS_FRUIT	5		CHORUS_FRUIT
CHORUS_FRUIT	6		CHORUS_FRUIT
CHORUS_FRUIT	7		CHORUS_FRUIT
CHORUS_FRUIT	8		CHORUS_FRUIT
CHORUS_FRUIT	9		CHORUS_FRUIT
CHORUS_FRUIT	10		CHORUS_FRUIT
CHORUS_FRUIT	11		CHORUS_FRUIT
CHORUS_FRUIT	12		CHORUS_FRUIT
CHORUS_FRUIT	13		CHORUS_FRUIT
CHORUS_FRUIT	14		CHORUS_FRUIT
CHORUS_FRUIT	15		CHORUS_FRUIT
CHORUS_FRUIT_POPPED	0		POPPED_CHORUS_FRUIT
CHORUS_FRUIT_POPPED	1		POPPED_CHORUS_FRUIT
CHORUS_FRUIT_POPPED	2		POPPED_CHORUS_FRUIT
CHORUS_FRUIT_POPPED	3		POPPED_CHORUS_FRUIT
CHORUS_FRUIT_POPPED	4		POPPED_CHORUS_FRUIT
CHORUS_FRUIT_POPPED	5		POPPED_CHORUS_FRUIT
CHORUS_FRUIT_POPPED	6		POPPED_CHORUS_FRUIT
CHORUS_FRUIT_POPPED	7		POPPED_CHORUS_FRUIT
CHORUS_FRUIT_POPPED	8		POPPED_CHORUS_FRUIT
CHORUS_FRUIT_POPPED	9		POPPED_CHORUS_FRUIT
CHORUS_FRUIT_POPPED	10		POPPED_CHORUS_FRUIT
CHORUS_FRUIT_POPPED	11		POPPED_CHORUS_FRUIT
CHORUS_FRUIT_POPPED	12		POPPED_CHORUS_FRUIT
CHORUS_FRUIT_POPPED	13		POPPED_CHORUS_FRUIT
CHORUS_FRUIT_POPPED	14		POPPED_CHORUS_FRUIT
CHORUS_FRUIT_POPPED	15		POPPED_CHORUS_FRUIT
BEETROOT	0		BEETROOT
BEETROOT	1		BEETROOT
BEETROOT	2		BEETROOT
BEETROOT	3		BEETROOT
BEETROOT	4		BEETROOT
BEETROOT	5		BEETROOT
BEETROOT	6		BEETROOT
BEETROOT	7		BEETROOT
BEETROOT	8		BEETROOT
BEETROOT	9		BEETROOT
BEETROOT	10		BEETROOT
BEETROOT	11		BEETROOT
BEETROOT	12		BEETROOT
BEETROOT	13		BEETROOT
BEETROOT	14		BEETROOT
BEETROOT	15		BEETROOT
BEETROOT_SEEDS	0		BEETROOT_SEEDS
BEETROOT_SEEDS	1		BEETROOT_SEEDS
BEETROOT_SEEDS	2		BEETROOT_SEEDS
BEETROOT_SEEDS	3		BEETROOT_SEEDS
BEETROOT_SEEDS	4		BEETROOT_SEEDS
BEETROOT_SEEDS	5		BEETROOT_SEEDS
BEETROOT_SEEDS	6		BEETROOT_SEEDS
BEETROOT_SEEDS	7		BEETROOT_SEEDS
BEETROOT_SEEDS	8		BEETROOT_SEEDS
BEETROOT_SEEDS	9		BEETROOT_SEEDS
BEETROOT_SEEDS	10		BEETROOT_SEEDS
BEETROOT_SEEDS	11		BEETROOT_SEEDS
BEETROOT_SEEDS	12		BEETROOT_SEEDS
BEETROOT_SEEDS	13		BEETROOT_SEEDS
BEETROOT_SEEDS	14		BEETROOT_SEEDS
BEETROOT_SEEDS	15		BEETROOT_SEEDS
BEETROOT_SOUP	0		BEETROOT_SOUP
BEETROOT_SOUP	1		BEETROOT_SOUP
BEETROOT_SOUP	2		BEETROOT_SOUP
BEETROOT_SOUP	3		BEETROOT_SOUP
BEETROOT_SOUP	4		BEETROOT_SOUP
BEETROOT_SOUP	5		BEETROOT_SOUP
BEETROOT_SOUP	6		BEETROOT_SOUP
BEETROOT_SOUP	7		BEETROOT_SOUP
BEETROOT_SOUP	8		BEETROOT_SOUP
BEETROOT_SOUP	9		BEETROOT_SOUP
BEETROOT_SOUP	10		BEETROOT_SOUP
BEETROOT_SOUP	11		BEETROOT_SOUP
BEETROOT_SOUP	12		BEETROOT_SOUP
BEETROOT_SOUP	13		BEETROOT_SOUP
BEETROOT_SOUP	14		BEETROOT_SOUP
BEETROOT_SOUP	15		BEETROOT_SOUP
DRAGONS_BREATH	0		DRAGON_BREATH
DRAGONS_BREATH	1		DRAGON_BREATH
DRAGONS_BREATH	2		DRAGON_BREATH
DRAGONS_BREATH	3		DRAGON_BREATH
DRAGONS_BREATH	4		DRAGON_BREATH
DRAGONS_BREATH	5		DRAGON_BREATH
DRAGONS_BREATH	6		DRAGON_BREATH
DRAGONS_BREATH	7		DRAGON_BREATH
DRAGONS_BREATH	8		DRAGON_BREATH
DRAGONS_BREATH	9		DRAGON_BREATH
DRAGONS_BREATH	10		DRAGON_BREATH
DRAGONS_BREATH	11		DRAGON_BREATH
DRAGONS_BREATH	12		DRAGON_BREATH
DRAGONS_BREATH	13		DRAGON_BREATH
DRAGONS_BREATH	14		DRAGON_BREATH
DRAGONS_BREATH	15		DRAGON_BREATH
SPLASH_POTION	0		SPLASH_POTION
SPLASH_POTION	1		SPLASH_POTION
SPLASH_POTION	2		SPLASH_POTION
SPLASH_POTION	3		SPLASH_POTION
SPLASH_POTION	4		SPLASH_POTION
SPLASH_POTION	5		SPLASH_POTION
SPLASH_POTION	6		SPLASH_POTION
SPLASH_POTION	7		SPLASH_POTION
SPLASH_POTION	8		SPLASH_POTION
SPLASH_POTION	9		SPLASH_POTION
SPLASH_POTION	10		SPLASH_POTION
SPLASH_POTION	11		SPLASH_POTION
SPLASH_POTION	12		SPLASH_POTION
SPLASH_POTION	13		SPLASH_POTION
SPLASH_POTION	14		SPLASH_POTION
SPLASH_POTION	15		SPLASH_POTION
SPECTRAL_ARROW	0		SPECTRAL_ARROW
SPECTRAL_ARROW	1		SPECTRAL_ARROW
SPECTRAL_ARROW	2		SPECTRAL_ARROW
SPECTRAL_ARROW	3		SPECTRAL_ARROW
SPECTRAL_ARROW	4		SPECTRAL_ARROW
SPECTRAL_ARROW	5		SPECTRAL_ARROW
SPECTRAL_ARROW	6		SPECTRAL_ARROW
SPECTRAL_ARROW	7		SPECTRAL_ARROW
SPECTRAL_ARROW	8		SPECTRAL_ARROW
SPECTRAL_ARROW	9		SPECTRAL_ARROW
SPECTRAL_ARROW	10		SPECTRAL_ARROW
SPECTRAL_ARROW	11		SPECTRAL_ARROW
SPECTRAL_ARROW	12		SPECTRAL_ARROW
SPECTRAL_ARROW	13		SPECTRAL_ARROW
SPECTRAL_ARROW	14		SPECTRAL_ARROW
SPECTRAL_ARROW	15		SPECTRAL_ARROW
TIPPED_ARROW	0		TIPPED_ARROW
TIPPED_ARROW	1		TIPPED_ARROW
TIPPED_ARROW	2		TIPPED_ARROW
TIPPED_ARROW	3		TIPPED_ARROW
TIPPED_ARROW	4		TIPPED_ARROW
TIPPED_ARROW	5		TIPPED_ARROW
TIPPED_ARROW	6		TIPPED_ARROW
TIPPED_ARROW	7		TIPPED_ARROW
TIPPED_ARROW	8		TIPPED_ARROW
TIPPED_ARROW	9		TIPPED_ARROW
TIPPED_ARROW	10		TIPPED_ARROW
TIPPED_ARROW	11		TIPPED_ARROW
TIPPED_ARROW	12		TIPPED_ARROW
TIPPED_ARROW	13		TIPPED_ARROW
TIPPED_ARROW	14		TIPPED_ARROW
TIPPED_ARROW	15		TIPPED_ARROW
LINGERING_POTION	0		LINGERING_POTION
LINGERING_POTION	1		LINGERING_POTION
LINGERING_POTION	2		LINGERING_POTION
LINGERING_POTION	3		LINGERING_POTION
LINGERING_POTION	4		LINGERING_POTION
LINGERING_POTION	5		LINGERING_POTION
LINGERING_POTION	6		LINGERING_POTION
LINGERING_POTION	7		LINGERING_POTION
LINGERING_POTION	8		LINGERING_POTION
LINGERING_POTION	9		LINGERING_POTION
LINGERING_POTION	10		LINGERING_POTION
LINGERING_POTION	11		LINGERING_POTION
LINGERING_POTION	12		LINGERING_POTION
LINGERING_POTION	13		LINGERING_POTION
LINGERING_POTION	14		LINGERING_POTION
LINGERING_POTION	15		LINGERING_POTION
SHIELD	0		SHIELD
ELYTRA	0		ELYTRA
BOAT_SPRUCE	0		SPRUCE_BOAT
BOAT_SPRUCE	1		SPRUCE_BOAT
BOAT_SPRUCE	2		SPRUCE_BOAT
BOAT_SPRUCE	3		SPRUCE_BOAT
BOAT_SPRUCE	4		SPRUCE_BOAT
BOAT_SPRUCE	5		SPRUCE_BOAT
BOAT_SPRUCE	6		SPRUCE_BOAT
BOAT_SPRUCE	7		SPRUCE_BOAT
BOAT_SPRUCE	8		SPRUCE_BOAT
BOAT_SPRUCE	9		SPRUCE_BOAT
BOAT_SPRUCE	10		SPRUCE_BOAT
BOAT_SPRUCE	11		SPRUCE_BOAT
BOAT_SPRUCE	12		SPRUCE_BOAT
BOAT_SPRUCE	13		SPRUCE_BOAT
BOAT_SPRUCE	14		SPRUCE_BOAT
BOAT_SPRUCE	15		SPRUCE_BOAT
BOAT_BIRCH	0		BIRCH_BOAT
BOAT_BIRCH	1		BIRCH_BOAT
BOAT_BIRCH	2		BIRCH_BOAT
BOAT_BIRCH	3		BIRCH_BOAT
BOAT_BIRCH	4		BIRCH_BOAT
BOAT_BIRCH	5		BIRCH_BOAT
BOAT_BIRCH	6		BIRCH_BOAT
BOAT_BIRCH	7		BIRCH_BOAT
BOAT_BIRCH	8		BIRCH_BOAT
BOAT_BIRCH	9		BIRCH_BOAT
BOAT_BIRCH	10		BIRCH_BOAT
BOAT_BIRCH	11		BIRCH_BOAT
BOAT_BIRCH	12		BIRCH_BOAT
BOAT_BIRCH	13		BIRCH_BOAT
BOAT_BIRCH	14		BIRCH_BOAT
BOAT_BIRCH	15		BIRCH_BOAT
BOAT_JUNGLE	0		JUNGLE_BOAT
BOAT_JUNGLE	1		JUNGLE_BOAT
BOAT_JUNGLE	2		JUNGLE_BOAT
BOAT_JUNGLE	3		JUNGLE_BOAT
BOAT_JUNGLE	4		JUNGLE_BOAT
BOAT_JUNGLE	5		JUNGLE_BOAT
BOAT_JUNGLE	6		JUNGLE_BOAT
BOAT_JUNGLE	7		JUNGLE_BOAT
BOAT_JUNGLE	8		JUNGLE_BOAT
BOAT_JUNGLE	9		JUNGLE_BOAT
BOAT_JUNGLE	10		JUNGLE_BOAT
BOAT_JUNGLE	11		JUNGLE_BOAT
BOAT_JUNGLE	12		JUNGLE_BOAT
BOAT_JUNGLE	13		JUNGLE_BOAT
BOAT_JUNGLE	14		JUNGLE_BOAT
BOAT_JUNGLE	15		JUNGLE_BOAT
BOAT_ACACIA	0		ACACIA_BOAT
BOAT_ACACIA	1		ACACIA_BOAT
BOAT_ACACIA	2		ACACIA_BOAT
BOAT_ACACIA	3		ACACIA_BOAT
BOAT_ACACIA	4		ACACIA_BOAT
BOAT_ACACIA	5		ACACIA_BOAT
BOAT_ACACIA	6		ACACIA_BOAT
BOAT_ACACIA	7		ACACIA_BOAT
BOAT_ACACIA	8		ACACIA_BOAT
BOAT_ACACIA	9		ACACIA_BOAT
BOAT_ACACIA	10		ACACIA_BOAT
BOAT_ACACIA	11		ACACIA_BOAT
BOAT_ACACIA	12		ACACIA_BOAT
BOAT_ACACIA	13		ACACIA_BOAT
BOAT_ACACIA	14		ACACIA_BOAT
BOAT_ACACIA	15		ACACIA_BOAT
BOAT_DARK_OAK	0		DARK_OAK_BOAT
BOAT_DARK_OAK	1		DARK_OAK_BOAT
BOAT_DARK_OAK	2		DARK_OAK_BOAT
BOAT_DARK_OAK	3		DARK_OAK_BOAT
BOAT_DARK_OAK	4		DARK_OAK_BOAT
BOAT_DARK_OAK	5		DARK_OAK_BOAT
BOAT_DARK_OAK	6		DARK_OAK_BOAT
BOAT_DARK_OAK	7		DARK_OAK_BOAT
BOAT_DARK_OAK	8		DARK_OAK_BOAT
BOAT_DARK_OAK	9		DARK_OAK_BOAT
BOAT_DARK_OAK	10		DARK_OAK_BOAT
BOAT_DARK_OAK	11		DARK_OAK_BOAT
BOAT_DARK_OAK	12		DARK_OAK_BOAT
BOAT_DARK_OAK	13		DARK_OAK_BOAT
BOAT_DARK_OAK	14		DARK_OAK_BOAT
BOAT_DARK_OAK	15		DARK_OAK_BOAT
TOTEM	0		TOTEM_OF_UNDYING
TOTEM	1		TOTEM_OF_UNDYING
TOTEM	2		TOTEM_OF_UNDYING
TOTEM	3		TOTEM_OF_UNDYING
TOTEM	4		TOTEM_OF_UNDYING
TOTEM	5		TOTEM_OF_UNDYING
TOTEM	6		TOTEM_OF_UNDYING
TOTEM	7		TOTEM_OF_UNDYING
TOTEM	8		TOTEM_OF_UNDYING
TOTEM	9		TOTEM_OF_UNDYING
TOTEM	10		TOTEM_OF_UNDYING
TOTEM	11		TOTEM_OF_UNDYING
TOTEM	12		TOTEM_OF_UNDYING
TOTEM	13		TOTEM_OF_UNDYING
TOTEM	14		TOTEM_OF_UNDYING
TOTEM	15		TOTEM_OF_UNDYING
SHULKER_SHELL	0		SHULKER_SHELL
SHULKER_SHELL	1		SHULKER_SHELL
SHULKER_SHELL	2		SHULKER_SHELL
SHULKER_SHELL	3		SHULKER_SHELL
SHULKER_SHELL	4		SHULKER_SHELL
SHULKER_SHELL	5		SHULKER_SHELL
SHULKER_SHELL	6		SHULKER_SHELL
SHULKER_SHELL	7		SHULKER_SHELL
SHULKER_SHELL	8		SHULKER_SHELL
SHULKER_SHELL	9		SHULKER_SHELL
SHULKER_SHELL	10		SHULKER_SHELL
SHULKER_SHELL	11		SHULKER_SHELL
SHULKER_SHELL	12		SHULKER_SHELL
SHULKER_SHELL	13		SHULKER_SHELL
SHULKER_SHELL	14		SHULKER_SHELL
SHULKER_SHELL	15		SHULKER_SHELL
IRON_NUGGET	0		IRON_NUGGET
IRON_NUGGET	1		IRON_NUGGET
IRON_NUGGET	2		IRON_NUGGET
IRON_NUGGET	3		IRON_NUGGET
IRON_NUGGET	4		IRON_NUGGET
IRON_NUGGET	5		IRON_NUGGET
IRON_NUGGET	6		IRON_NUGGET
IRON_NUGGET	7		IRON_NUGGET
IRON_NUGGET	8		IRON_NUGGET
IRON_NUGGET	9		IRON_NUGGET
IRON_NUGGET	10		IRON_NUGGET
IRON_NUGGET	11		IRON_NUGGET
IRON_NUGGET	12		IRON_NUGGET
IRON_NUGGET	13		IRON_NUGGET
IRON_NUGGET	14		IRON_NUGGET
IRON_NUGGET	15		IRON_NUGGET
KNOWLEDGE_BOOK	0		KNOWLEDGE_BOOK
KNOWLEDGE_BOOK	1		KNOWLEDGE_BOOK
KNOWLEDGE_BOOK	2		KNOWLEDGE_BOOK
KNOWLEDGE_BOOK	3		KNOWLEDGE_BOOK
KNOWLEDGE_BOOK	4		KNOWLEDGE_BOOK
KNOWLEDGE_BOOK	5		KNOWLEDGE_BOOK
KNOWLEDGE_BOOK	6		KNOWLEDGE_BOOK
KNOWLEDGE_BOOK	7		KNOWLEDGE_BOOK
KNOWLEDGE_BOOK	8		KNOWLEDGE_BOOK
KNOWLEDGE_BOOK	9		KNOWLEDGE_BOOK
KNOWLEDGE_BOOK	10		KNOWLEDGE_BOOK
KNOWLEDGE_BOOK	11		KNOWLEDGE_BOOK
KNOWLEDGE_BOOK	12		KNOWLEDGE_BOOK
KNOWLEDGE_BOOK	13		KNOWLEDGE_BOOK
KNOWLEDGE_BOOK	14		KNOWLEDGE_BOOK
KNOWLEDGE_BOOK	15		KNOWLEDGE_BOOK
GOLD_RECORD	0		MUSIC_DISC_13
GOLD_RECORD	1		MUSIC_DISC_13
GOLD_RECORD	2		MUSIC_DISC_13
GOLD_RECORD	3		MUSIC_DISC_13
GOLD_RECORD	4		MUSIC_DISC_13
GOLD_RECORD	5		MUSIC_DISC_13
GOLD_RECORD	6		MUSIC_DISC_13
GOLD_RECORD	7		MUSIC_DISC_13
GOLD_RECORD	8		MUSIC_DISC_13
GOLD_RECORD	9		MUSIC_DISC_13
GOLD_RECORD	10		MUSIC_DISC_13
GOLD_RECORD	11		MUSIC_DISC_13
GOLD_RECORD	12		MUSIC_DISC_13
GOLD_RECORD	13		MUSIC_DISC_13
GOLD_RECORD	14		MUSIC_DISC_13
GOLD_RECORD	15		MUSIC_DISC_13
GREEN_RECORD	0		MUSIC_DISC_CAT
GREEN_RECORD	1		MUSIC_DISC_CAT
GREEN_RECORD	2		MUSIC_DISC_CAT
GREEN_RECORD	3		MUSIC_DISC_CAT
GREEN_RECORD	4		MUSIC_DISC_CAT
GREEN_RECORD	5		MUSIC_DISC_CAT
GREEN_RECORD	6		MUSIC_DISC_CAT
GREEN_RECORD	7		MUSIC_DISC_CAT
GREEN_RECORD	8		MUSIC_DISC_CAT
GREEN_RECORD	9		MUSIC_DISC_CAT
GREEN_RECORD	10		MUSIC_DISC_CAT
GREEN_RECORD	11		MUSIC_DISC_CAT
GREEN_RECORD	12		MUSIC_DISC_CAT
GREEN_RECORD	13		MUSIC_DISC_CAT
GREEN_RECORD	14		MUSIC_DISC_CAT
GREEN_RECORD	15		MUSIC_DISC_CAT
RECORD_3	0		MUSIC_DISC_BLOCKS
RECORD_3	1		MUSIC_DISC_BLOCKS
RECORD_3	2		MUSIC_DISC_BLOCKS
RECORD_3	3		MUSIC_DISC_BLOCKS
RECORD_3	4		MUSIC_DISC_BLOCKS
RECORD_3	5		MUSIC_DISC_BLOCKS
RECORD_3	6		MUSIC_DISC_BLOCKS
RECORD_3	7		MUSIC_DISC_BLOCKS
RECORD_3	8		MUSIC_DISC_BLOCKS
RECORD_3	9		MUSIC_DISC_BLOCKS
RECORD_3	10		MUSIC_DISC_BLOCKS
RECORD_3	11		MUSIC_DISC_BLOCKS
RECORD_3	12		MUSIC_DISC_BLOCKS
RECORD_3	13		MUSIC_DISC_BLOCKS
RECORD_3	14		MUSIC_DISC_BLOCKS
RECORD_3	15		MUSIC_DISC_BLOCKS
RECORD_4	0		MUSIC_DISC_CHIRP
RECORD_4	1		MUSIC_DISC_CHIRP
RECORD_4	2		MUSIC_DISC_CHIRP
RECORD_4	3		MUSIC_DISC_CHIRP
RECORD_4	4		MUSIC_DISC_CHIRP
RECORD_4	5		MUSIC_DISC_CHIRP
RECORD_4	6		MUSIC_DISC_CHIRP
RECORD_4	7		MUSIC_DISC_CHIRP
RECORD_4	8		MUSIC_DISC_CHIRP
RECORD_4	9		MUSIC_DISC_CHIRP
RECORD_4	10		MUSIC_DISC_CHIRP
RECORD_4	11		MUSIC_DISC_CHIRP
RECORD_4	12		MUSIC_DISC_CHIRP
RECORD_4	13		MUSIC_DISC_CHIRP
RECORD_4	14		MUSIC_DISC_CHIRP
RECORD_4	15		MUSIC_DISC_CHIRP
RECORD_5	0		MUSIC_DISC_FAR
RECORD_5	1		MUSIC_DISC_FAR
RECORD_5	2		MUSIC_DISC_FAR
RECORD_5	3		MUSIC_DISC_FAR
RECORD_5	4		MUSIC_DISC_FAR
RECORD_5	5		MUSIC_DISC_FAR
RECORD_5	6		MUSIC_DISC_FAR
RECORD_5	7		MUSIC_DISC_FAR
RECORD_5	8		MUSIC_DISC_FAR
RECORD_5	9		MUSIC_DISC_FAR
RECORD_5	10		MUSIC_DISC_FAR
RECORD_5	11		MUSIC_DISC_FAR
RECORD_5	12		MUSIC_DISC_FAR
RECORD_5	13		MUSIC_DISC_FAR
RECORD_5	14		MUSIC_DISC_FAR
RECORD_5	15		MUSIC_DISC_FAR
RECORD_6	0		MUSIC_DISC_MALL
RECORD_6	1		MUSIC_DISC_MALL
RECORD_6	2		MUSIC_DISC_MALL
RECORD_6	3		MUSIC_DISC_MALL
RECORD_6	4		MUSIC_DISC_MALL
RECORD_6	5		MUSIC_DISC_MALL
RECORD_6	6		MUSIC_DISC_MALL
RECORD_6	7		MUSIC_DISC_MALL
RECORD_6	8		MUSIC_DISC_MALL
RECORD_6	9		MUSIC_DISC_MALL
RECORD_6	10		MUSIC_DISC_MALL
RECORD_6	11		MUSIC_DISC_MALL
RECORD_6	12		MUSIC_DISC_MALL
RECORD_6	13		MUSIC_DISC_MALL
RECORD_6	14		MUSIC_DISC_MALL
RECORD_6	15		MUSIC_DISC_MALL
RECORD_7	0		MUSIC_DISC_MELLOHI
RECORD_7	1		MUSIC_DISC_MELLOHI
RECORD_7	2		MUSIC_DISC_MELLOHI
RECORD_7	3		MUSIC_DISC_MELLOHI
RECORD_7	4		MUSIC_DISC_MELLOHI
RECORD_7	5		MUSIC_DISC_MELLOHI
RECORD_7	6		MUSIC_DISC_MELLOHI
RECORD_7	7		MUSIC_DISC_MELLOHI
RECORD_7	8		MUSIC_DISC_MELLOHI
RECORD_7	9		MUSIC_DISC_MELLOHI
RECORD_7	10		MUSIC_DISC_MELLOHI
RECORD_7	11		MUSIC_DISC_MELLOHI
RECORD_7	12		MUSIC_DISC_MELLOHI
RECORD_7	13		MUSIC_DISC_MELLOHI
RECORD_7	14		MUSIC_DISC_MELLOHI
RECORD_7	15		MUSIC_DISC_MELLOHI
RECORD_8	0		MUSIC_DISC_STAL
RECORD_8	1		MUSIC_DISC_STAL
RECORD_8	2		MUSIC_DISC_STAL
RECORD_8	3		MUSIC_DISC_STAL
RECORD_8	4		MUSIC_DISC_STAL
RECORD_8	5		MUSIC_DISC_STAL
RECORD_8	6		MUSIC_DISC_STAL
RECORD_8	7		MUSIC_DISC_STAL
RECORD_8	8		MUSIC_DISC_STAL
RECORD_8	9		MUSIC_DISC_STAL
RECORD_8	10		MUSIC_DISC_STAL
RECORD_8	11		MUSIC_DISC_STAL
RECORD_8	12		MUSIC_DISC_STAL
RECORD_8	13		MUSIC_DISC_STAL
RECORD_8	14		MUSIC_DISC_STAL
RECORD_8	15		MUSIC_DISC_STAL
RECORD_9	0		MUSIC_DISC_STRAD
RECORD_9	1		MUSIC_DISC_STRAD
RECORD_9	2		MUSIC_DISC_STRAD
RECORD_9	3		MUSIC_DISC_STRAD
RECORD_9	4		MUSIC_DISC_STRAD
RECORD_9	5		MUSIC_DISC_STRAD
RECORD_9	6		MUSIC_DISC_STRAD
RECORD_9	7		MUSIC_DISC_STRAD
RECORD_9	8		MUSIC_DISC_STRAD
RECORD_9	9		MUSIC_DISC_STRAD
RECORD_9	10		MUSIC_DISC_STRAD
RECORD_9	11		MUSIC_DISC_STRAD
RECORD_9	12		MUSIC_DISC_STRAD
RECORD_9	13		MUSIC_DISC_STRAD
RECORD_9	14		MUSIC_DISC_STRAD
RECORD_9	15		MUSIC_DISC_STRAD
RECORD_10	0		MUSIC_DISC_WARD
RECORD_10	1		MUSIC_DISC_WARD
RECORD_10	2		MUSIC_DISC_WARD
RECORD_10	3		MUSIC_DISC_WARD
RECORD_10	4		MUSIC_DISC_WARD
RECORD_10	5		MUSIC_DISC_WARD
RECORD_10	6		MUSIC_DISC_WARD
RECORD_10	7		MUSIC_DISC_WARD
RECORD_10	8		MUSIC_DISC_WARD
RECORD_10	9		MUSIC_DISC_WARD
RECORD_10	10		MUSIC_DISC_WARD
RECORD_10	11		MUSIC_DISC_WARD
RECORD_10	12		MUSIC_DISC_WARD
RECORD_10	13		MUSIC_DISC_WARD
RECORD_10	14		MUSIC_DISC_WARD
RECORD_10	15		MUSIC_DISC_WARD
RECORD_11	0		MUSIC_DISC_11
RECORD_11	1		MUSIC_DISC_11
RECORD_11	2		MUSIC_DISC_11
RECORD_11	3		MUSIC_DISC_11
RECORD_11	4		MUSIC_DISC_11
RECORD_11	5		MUSIC_DISC_11
RECORD_11	6		MUSIC_DISC_11
RECORD_11	7		MUSIC_DISC_11
RECORD_11	8		MUSIC_DISC_11
RECORD_11	9		MUSIC_DISC_11
RECORD_11	10		MUSIC_DISC_11
RECORD_11	11		MUSIC_DISC_11
RECORD_11	12		MUSIC_DISC_11
RECORD_11	13		MUSIC_DISC_11
RECORD_11	14		MUSIC_DISC_11
RECORD_11	15		MUSIC_DISC_11
RECORD_12	0		MUSIC_DISC_WAIT
RECORD_12	1		MUSIC_DISC_WAIT
RECORD_12	2		MUSIC_DISC_WAIT
RECORD_12	3		MUSIC_DISC_WAIT
RECORD_12	4		MUSIC_DISC_WAIT
RECORD_12	5		MUSIC_DISC_WAIT
RECORD_12	6		MUSIC_DISC_WAIT
RECORD_12	7		MUSIC_DISC_WAIT
RECORD_12	8		MUSIC_DISC_WAIT
RECORD_12	9		MUSIC_DISC_WAIT
RECORD_12	10		MUSIC_DISC_WAIT
RECORD_12	11		MUSIC_DISC_WAIT
RECORD_12	12		MUSIC_DISC_WAIT
RECORD_12	13		MUSIC_DISC_WAIT
RECORD_12	14		MUSIC_DISC_WAIT
RECORD_12	15		MUSIC_DISC_WAIT
